VendorID,lpep_pickup_datetime,lpep_dropoff_datetime,store_and_fwd_flag,RatecodeID,PULocationID,DOLocationID,passenger_count,trip_distance,fare_amount,extra,mta_tax,tip_amount,tolls_amount,ehail_fee,improvement_surcharge,total_amount,payment_type,trip_type

2,2017-01-01 07:28:03,2017-01-01 07:54:07,5,17.83,2,N,132,158,1,52,0,0.5,11.67,5.54,0.3,70.01
1,2017-01-01 07:02:14,2017-01-01 07:10:46,1,1.80,1,N,41,42,2,9,0,0.5,0,0,0.3,9.8
2,2017-01-01 07:13:30,2017-01-01 07:29:30,1,5.70,1,N,90,226,1,18.5,0,0.5,0,0,0.3,19.3
2,2017-01-01 07:05:43,2017-01-01 07:20:07,5,4.77,1,N,163,260,2,16.5,0,0.5,0,0,0.3,17.3
2,2017-01-01 06:53:28,2017-01-01 06:54:57,1,.17,1,N,48,48,2,2.5,0,0.5,0,0,0.3,3.3
1,2017-01-01 07:28:17,2017-01-01 07:31:55,1,.60,1,N,186,246,1,4.5,0,0.5,0.01,0,0.3,5.31
1,2017-01-01 00:01:10,2017-01-01 00:06:32,1,1.00,1,N,116,244,2,6,0.5,0.5,0,0,0.3,7.3
2,2017-01-01 00:00:06,2017-01-01 00:18:12,5,4.25,1,N,148,36,2,16.5,0.5,0.5,0,0,0.3,17.8
2,2017-01-01 07:06:33,2017-01-01 07:07:43,2,.51,1,N,48,48,2,3.5,0,0.5,0,0,0.3,4.3
1,2017-01-01 07:02:46,2017-01-01 07:13:39,1,3.00,1,N,239,162,1,11.5,0,0.5,3.05,0,0.3,15.35
2,2017-01-01 07:15:25,2017-01-01 07:26:00,1,4.08,1,N,79,145,2,13,0,0.5,0,0,0.3,13.8
1,2017-01-01 07:11:38,2017-01-01 07:12:44,1,.40,1,N,193,193,1,3.5,0,0.5,0,0,0.3,4.3
2,2017-01-01 07:00:03,2017-01-01 07:08:14,2,1.60,1,N,140,142,2,8,0,0.5,0,0,0.3,8.8
2,2017-01-01 06:54:42,2017-01-01 07:02:03,5,1.96,1,N,168,41,2,8.5,0,0.5,0,0,0.3,9.3
1,2017-01-01 07:36:28,2017-01-01 07:43:11,1,2.00,1,N,137,163,1,8,0,0.5,1.2,0,0.3,10
2,2017-01-01 07:14:43,2017-01-01 07:21:53,1,1.60,1,N,107,186,1,7.5,0,0.5,2.49,0,0.3,10.79
1,2017-01-01 07:03:22,2017-01-01 07:09:37,1,2.00,1,N,162,140,1,7.5,0,0.5,0.7,0,0.3,9
2,2017-01-01 07:18:06,2017-01-01 07:45:24,1,10.37,1,N,68,159,2,32.5,0,0.5,0,0,0.3,33.3
1,2017-01-01 07:05:05,2017-01-01 07:11:06,1,1.60,1,N,243,153,2,7,0,0.5,0,0,0.3,7.8
2,2017-01-01 07:04:25,2017-01-01 07:13:05,2,1.62,1,N,79,186,1,8.5,0,0.5,1.86,0,0.3,11.16
2,2017-01-01 07:17:11,2017-01-01 07:33:28,2,5.88,1,N,151,243,2,20,0,0.5,0,0,0.3,20.8
2,2017-01-01 00:00:36,2017-01-01 00:12:42,6,4.02,1,N,41,235,1,14,0.5,0.5,3.06,0,0.3,18.36
1,2017-01-01 07:01:16,2017-01-01 07:16:50,1,4.30,1,N,260,237,2,16,0,0.5,0,0,0.3,16.8
2,2017-01-01 07:31:15,2017-01-01 07:58:46,2,19.91,2,N,132,239,1,52,0,0.5,17.5,5.54,0.3,75.84
1,2017-01-01 00:00:18,2017-01-01 00:04:57,1,.70,1,N,237,43,2,5.5,0.5,0.5,0,0,0.3,6.8
1,2017-01-01 07:15:49,2017-01-01 07:23:15,1,1.30,1,N,170,48,2,7.5,0,0.5,0,0,0.3,8.3
2,2017-01-01 07:22:25,2017-01-01 07:34:42,1,4.59,1,N,146,138,2,15,0,0.5,0,0,0.3,15.8
2,2017-01-01 07:32:02,2017-01-01 07:36:33,1,1.49,1,N,262,75,2,6,0,0.5,0,0,0.3,6.8
1,2017-01-01 07:24:12,2017-01-01 07:31:27,1,2.10,1,N,236,239,1,9,0,0.5,0.98,0,0.3,10.78
1,2017-01-01 07:37:18,2017-01-01 07:55:17,1,3.70,1,N,50,262,2,15.5,0,0.5,0,0,0.3,16.3
2,2017-01-01 00:00:06,2017-01-01 00:09:30,4,2.43,1,N,141,107,1,9.5,0.5,0.5,2.7,0,0.3,13.5
2,2017-01-01 07:01:18,2017-01-01 07:07:46,6,1.06,1,N,230,162,2,6.5,0,0.5,0,0,0.3,7.3
2,2017-01-01 07:00:48,2017-01-01 07:12:06,1,2.74,1,N,17,37,1,11,0,0.5,2.36,0,0.3,14.16
2,2017-01-01 07:06:02,2017-01-01 07:11:54,1,1.61,1,N,233,186,1,7,0,0.5,2.34,0,0.3,10.14
2,2017-01-01 07:15:15,2017-01-01 07:43:43,1,10.75,1,N,61,237,2,33,0,0.5,0,0,0.3,33.8
1,2017-01-01 07:02:54,2017-01-01 07:13:16,2,2.00,1,N,162,186,2,9.5,0,0.5,0,0,0.3,10.3
2,2017-01-01 06:57:31,2017-01-01 07:01:41,4,.85,1,N,233,162,2,5,0,0.5,0,0,0.3,5.8
2,2017-01-01 07:32:49,2017-01-01 07:54:42,5,6.99,1,N,186,129,1,22.5,0,0.5,5.82,0,0.3,29.12
2,2017-01-01 07:10:12,2017-01-01 07:17:07,1,.61,1,N,236,75,2,6.5,0,0.5,0,0,0.3,7.3
2,2017-01-01 07:27:10,2017-01-01 08:16:22,1,37.74,3,N,132,1,1,116.5,0,0,30.88,37.58,0.3,185.26
1,2017-01-01 07:34:32,2017-01-01 07:48:31,1,2.40,1,N,33,231,2,12.5,0,0.5,0,0,0.3,13.3
2,2017-01-01 07:28:44,2017-01-01 07:45:50,1,7.31,1,N,140,255,1,22.5,0,0.5,6.99,0,0.3,30.29
1,2017-01-01 07:10:58,2017-01-01 07:29:33,2,12.10,1,N,132,157,2,33.5,0,0.5,0,0,0.3,34.3
1,2017-01-01 07:24:06,2017-01-01 07:42:59,1,7.90,1,N,264,264,1,23.5,0,0.5,4.85,0,0.3,29.15
1,2017-01-01 06:54:19,2017-01-01 06:57:14,4,.60,1,N,237,229,2,4,0,0.5,0,0,0.3,4.8
2,2017-01-01 07:05:42,2017-01-01 07:12:02,3,1.61,1,N,263,238,1,7.5,0,0.5,1.66,0,0.3,9.96
2,2017-01-01 07:17:40,2017-01-01 07:20:54,3,.79,1,N,75,74,2,4.5,0,0.5,0,0,0.3,5.3
1,2017-01-01 07:08:50,2017-01-01 07:34:47,1,7.10,1,N,50,157,2,24.5,0,0.5,0,0,0.3,25.3
2,2017-01-01 07:25:15,2017-01-01 07:37:43,1,8.99,1,N,170,138,1,25,0,0.5,6.27,5.54,0.3,37.61
1,2017-01-01 07:26:35,2017-01-01 07:28:35,1,.90,1,N,100,161,2,4.5,0,0.5,0,0,0.3,5.3
2,2017-01-01 07:29:30,2017-01-01 07:33:32,5,.53,1,N,237,237,1,5,0,0.5,1.16,0,0.3,6.96
2,2017-01-01 06:53:20,2017-01-01 07:01:09,2,1.27,1,N,232,211,2,7.5,0,0.5,0,0,0.3,8.3
1,2017-01-01 07:11:12,2017-01-01 07:28:00,1,8.40,1,N,87,157,2,24.5,0,0.5,0,0,0.3,25.3
1,2017-01-01 07:23:04,2017-01-01 07:31:49,1,.30,1,N,48,238,2,6.5,0,0.5,0,0,0.3,7.3
2,2017-01-01 07:31:45,2017-01-01 07:59:21,6,7.72,1,N,230,37,2,26.5,0,0.5,0,0,0.3,27.3
2,2017-01-01 07:27:00,2017-01-01 07:31:17,1,1.22,1,N,236,238,2,6,0,0.5,0,0,0.3,6.8
1,2017-01-01 07:10:41,2017-01-01 07:36:34,1,17.50,2,N,163,132,1,52,0,0.5,11.65,5.54,0.3,69.99
1,2017-01-01 07:31:17,2017-01-01 07:40:49,1,2.10,1,N,48,107,2,9.5,0,0.5,0,0,0.3,10.3
2,2017-01-01 07:01:33,2017-01-01 07:46:02,1,14.77,1,N,132,26,1,47.5,0,0.5,0,0,0.3,48.3
1,2017-01-01 07:04:08,2017-01-01 07:21:23,1,4.30,1,N,144,211,1,16,0,0.5,1,0,0.3,17.8
2,2017-01-01 00:00:02,2017-01-01 00:39:22,4,7.75,1,N,186,36,1,22,0.5,0.5,4.66,0,0.3,27.96
2,2017-01-01 07:25:28,2017-01-01 07:42:06,5,4.13,1,N,48,158,2,15,0,0.5,0,0,0.3,15.8
1,2017-01-01 07:20:05,2017-01-01 07:20:44,1,.00,5,N,33,33,3,50,0,0,0,0,0.3,50.3
1,2017-01-01 00:00:27,2017-01-01 00:06:38,3,.70,1,N,229,161,1,6,0.5,0.5,1.45,0,0.3,8.75
2,2017-01-01 07:33:25,2017-01-01 07:53:07,1,6.59,1,N,79,74,2,20.5,0,0.5,0,0,0.3,21.3
1,2017-01-01 07:09:59,2017-01-01 07:20:45,1,4.00,1,N,148,263,1,13,0,0.5,2,0,0.3,15.8
2,2017-01-01 06:57:38,2017-01-01 06:58:19,3,1.43,5,N,265,265,1,90,0,0,0,0,0.3,90.3
1,2017-01-01 07:31:58,2017-01-01 08:02:40,1,17.40,1,N,249,28,2,49.5,0,0.5,0,0,0.3,50.3
2,2017-01-01 07:17:29,2017-01-01 07:21:50,6,1.77,1,N,229,233,1,7.5,0,0.5,1.66,0,0.3,9.96
2,2017-01-01 07:08:30,2017-01-01 07:16:27,1,3.58,1,N,249,43,1,11.5,0,0.5,2.46,0,0.3,14.76
2,2017-01-01 07:11:23,2017-01-01 07:19:49,1,1.74,1,N,113,231,2,8,0,0.5,0,0,0.3,8.8
2,2017-01-01 06:58:40,2017-01-01 07:32:44,1,11.15,1,N,229,223,1,34.5,0,0.5,7,0,0.3,42.3
1,2017-01-01 07:27:16,2017-01-01 07:35:13,1,2.80,1,N,236,74,1,10,0,0.5,3.2,0,0.3,14
2,2017-01-01 07:16:26,2017-01-01 07:22:49,1,1.47,1,N,90,48,1,7.5,0,0.5,0,0,0.3,8.3
2,2017-01-01 07:37:49,2017-01-01 07:40:51,2,.62,1,N,48,230,2,4.5,0,0.5,0,0,0.3,5.3
2,2017-01-01 07:05:55,2017-01-01 07:25:38,3,4.91,5,N,79,265,2,40,0,0,0,10.5,0.3,50.8
2,2017-01-01 07:30:46,2017-01-01 07:56:48,1,12.33,1,N,132,49,1,36.5,0,0.5,7.46,0,0.3,44.76
2,2017-01-01 07:08:03,2017-01-01 07:28:09,1,9.38,1,N,151,138,1,27.5,0,0.5,8.46,5.54,0.3,42.3
2,2017-01-01 07:04:49,2017-01-01 07:26:56,1,15.08,1,N,132,179,2,42,0,0.5,0,0,0.3,42.8
1,2017-01-01 07:02:12,2017-01-01 07:16:05,2,3.00,1,N,264,264,1,13.5,0,0.5,2.85,0,0.3,17.15
1,2017-01-01 07:10:43,2017-01-01 07:28:43,1,7.20,1,N,223,147,2,23,0,0.5,0,5.54,0.3,29.34
2,2017-01-01 07:08:06,2017-01-01 07:11:23,1,.81,1,N,170,186,2,4.5,0,0.5,0,0,0.3,5.3
1,2017-01-01 07:12:56,2017-01-01 07:24:06,1,2.10,1,N,163,186,1,10,0,0.5,2.15,0,0.3,12.95
1,2017-01-01 06:57:17,2017-01-01 07:13:38,1,5.70,1,N,17,37,2,18.5,0,0.5,0,0,0.3,19.3
2,2017-01-01 07:14:25,2017-01-01 07:19:20,3,1.12,1,N,137,233,1,6,0,0.5,1.36,0,0.3,8.16
2,2017-01-01 07:06:42,2017-01-01 07:09:47,1,.80,1,N,262,140,1,4.5,0,0.5,1.06,0,0.3,6.36
1,2017-01-01 06:53:43,2017-01-01 06:55:48,1,.60,1,N,141,237,2,4,0,0.5,0,0,0.3,4.8
1,2017-01-01 07:17:54,2017-01-01 07:33:57,1,5.20,1,N,260,262,2,17.5,0,0.5,0,0,0.3,18.3
2,2017-01-01 07:08:38,2017-01-01 07:19:19,2,2.99,1,N,148,186,2,11.5,0,0.5,0,0,0.3,12.3
1,2017-01-01 07:10:37,2017-01-01 07:13:01,1,.60,1,N,90,68,2,4,0,0.5,0,0,0.3,4.8
2,2017-01-01 00:01:27,2017-01-01 00:08:54,1,1.14,1,N,144,148,1,7,0.5,0.5,2.08,0,0.3,10.38
1,2017-01-01 06:58:26,2017-01-01 07:02:30,1,1.90,1,N,75,237,1,7,0,0.5,1,0,0.3,8.8
2,2017-01-01 07:02:06,2017-01-01 07:13:00,2,3.89,1,N,100,87,1,13,0,0.5,2,0,0.3,15.8
1,2017-01-01 07:13:06,2017-01-01 07:25:57,2,3.20,1,N,232,186,1,12.5,0,0.5,3.32,0,0.3,16.62
2,2017-01-01 07:19:05,2017-01-01 07:35:21,2,5.32,1,N,13,142,1,18,0,0.5,5,0,0.3,23.8
1,2017-01-01 07:10:28,2017-01-01 07:23:26,1,3.00,1,N,141,186,2,12.5,0,0.5,0,0,0.3,13.3
2,2017-01-01 07:09:46,2017-01-01 07:27:12,3,10.77,1,N,211,138,1,30.5,0,0.5,6.26,0,0.3,37.56
2,2017-01-01 00:00:18,2017-01-01 00:08:23,1,4.29,1,N,132,10,2,13.5,0.5,0.5,0,0,0.3,14.8
1,2017-01-01 07:20:05,2017-01-01 07:44:51,1,11.00,1,N,132,17,2,32.5,0,0.5,0,0,0.3,33.3
2,2017-01-01 07:01:00,2017-01-01 07:16:52,1,5.59,1,N,79,74,2,17,0,0.5,0,0,0.3,17.8
2,2017-01-01 07:15:49,2017-01-01 07:37:53,1,7.24,1,N,161,62,2,23.5,0,0.5,0,0,0.3,24.3
2,2017-01-01 07:27:05,2017-01-01 07:27:44,3,.26,1,N,264,264,2,3,0,0.5,0,0,0.3,3.8
2,2017-01-01 07:24:44,2017-01-01 07:31:45,1,2.43,1,N,236,233,1,9,0,0.5,1.96,0,0.3,11.76
2,2017-01-01 07:25:44,2017-01-01 07:29:03,6,.70,1,N,75,75,2,4.5,0,0.5,0,0,0.3,5.3
2,2017-01-01 07:28:09,2017-01-01 07:40:08,1,3.18,1,N,50,79,2,12.5,0,0.5,0,0,0.3,13.3
2,2017-01-01 07:29:15,2017-01-01 07:36:18,1,1.44,1,N,262,75,1,7.5,0,0.5,2.08,0,0.3,10.38
1,2017-01-01 07:22:27,2017-01-01 07:40:18,2,3.90,1,N,148,163,1,16,0,0.5,5,0,0.3,21.8
2,2017-01-01 00:01:45,2017-01-01 00:19:14,2,15.34,2,N,132,170,1,52,0,0.5,0,5.54,0.3,58.34
2,2017-01-01 07:08:16,2017-01-01 07:10:55,3,.79,1,N,41,43,2,4.5,0,0.5,0,0,0.3,5.3
1,2017-01-01 00:00:21,2017-01-01 00:12:09,1,6.90,1,N,138,80,2,20,0.5,0.5,0,0,0.3,21.3
1,2017-01-01 07:21:50,2017-01-01 07:36:53,1,4.10,1,N,116,142,2,15,0,0.5,0,0,0.3,15.8
2,2017-01-01 00:00:33,2017-01-01 00:09:52,1,1.97,1,N,74,168,2,9,0.5,0.5,0,0,0.3,10.3
2,2017-01-01 07:24:44,2017-01-01 07:26:42,2,.43,1,N,161,48,2,3.5,0,0.5,0,0,0.3,4.3
2,2017-01-01 06:57:39,2017-01-01 07:13:14,1,3.97,1,N,263,186,1,15.5,0,0.5,3.26,0,0.3,19.56
2,2017-01-01 06:53:26,2017-01-01 07:01:00,1,1.18,1,N,152,116,2,7,0,0.5,0,0,0.3,7.8
1,2017-01-01 07:14:53,2017-01-01 07:32:16,1,8.40,5,N,186,265,1,55,0,0,13.15,10.5,0.3,78.95
1,2017-01-01 07:14:49,2017-01-01 07:17:47,1,.60,1,N,264,264,1,4.5,0,0.5,1.05,0,0.3,6.35
2,2017-01-01 07:09:56,2017-01-01 07:11:03,2,.60,1,N,79,107,1,3.5,0,0.5,0.86,0,0.3,5.16
2,2017-01-01 07:25:23,2017-01-01 07:45:58,6,12.84,1,N,162,138,1,36,0,0.5,0,5.54,0.3,42.34
1,2017-01-01 07:13:37,2017-01-01 07:18:47,1,2.70,1,N,262,233,2,9.5,0,0.5,0,0,0.3,10.3
2,2017-01-01 00:01:30,2017-01-01 00:11:20,5,1.53,1,N,141,161,1,8.5,0.5,0.5,2.45,0,0.3,12.25
2,2017-01-01 07:11:29,2017-01-01 07:22:29,2,5.42,1,N,239,244,1,17,0,0.5,3.56,0,0.3,21.36
1,2017-01-01 07:30:33,2017-01-01 07:35:18,1,.90,1,N,107,79,1,5.5,0,0.5,1.25,0,0.3,7.55
1,2017-01-01 07:30:04,2017-01-01 07:36:56,4,1.70,1,N,264,264,2,8,0,0.5,0,0,0.3,8.8
1,2017-01-01 07:11:32,2017-01-01 07:18:27,1,1.80,1,N,48,90,1,8,0,0.5,1.75,0,0.3,10.55
1,2017-01-01 07:03:12,2017-01-01 07:14:22,1,3.20,1,N,97,80,2,12,0,0.5,0,0,0.3,12.8
2,2017-01-01 07:35:02,2017-01-01 07:41:18,1,1.54,1,N,24,239,1,7.5,0,0.5,1.83,0,0.3,10.13
2,2017-01-01 07:15:38,2017-01-01 07:25:17,6,1.40,1,N,48,100,2,8,0,0.5,0,0,0.3,8.8
1,2017-01-01 07:12:22,2017-01-01 07:14:45,1,.70,1,N,186,246,2,4.5,0,0.5,0,0,0.3,5.3
2,2017-01-01 06:58:19,2017-01-01 07:03:13,1,1.07,1,N,162,163,2,6,0,0.5,0,0,0.3,6.8
2,2017-01-01 07:11:19,2017-01-01 07:18:16,5,1.95,1,N,7,146,2,8.5,0,0.5,0,0,0.3,9.3
2,2017-01-01 07:28:12,2017-01-01 07:34:42,1,1.58,1,N,177,177,2,7.5,0,0.5,0,0,0.3,8.3
1,2017-01-01 07:34:50,2017-01-01 08:04:01,4,17.40,2,N,161,132,2,52,0,0.5,0,5.54,0.3,58.34
1,2017-01-01 07:22:19,2017-01-01 07:25:14,1,1.20,1,N,138,138,2,5.5,0,0.5,0,0,0.3,6.3
2,2017-01-01 07:05:16,2017-01-01 07:15:31,1,5.22,1,N,152,48,2,16.5,0,0.5,0,0,0.3,17.3
1,2017-01-01 07:22:19,2017-01-01 07:27:27,1,.70,1,N,230,163,2,5.5,0,0.5,0,0,0.3,6.3
2,2017-01-01 07:03:23,2017-01-01 07:05:30,2,.84,1,N,43,236,1,4.5,0,0.5,1,0,0.3,6.3
2,2017-01-01 07:21:28,2017-01-01 07:35:40,1,3.67,1,N,79,37,2,14.5,0,0.5,0,0,0.3,15.3
2,2017-01-01 07:00:40,2017-01-01 07:06:34,4,2.61,1,N,237,74,1,9,0,0.5,2.94,0,0.3,12.74
1,2017-01-01 07:07:44,2017-01-01 07:19:48,1,4.20,1,Y,36,79,1,14.5,0,0.5,2,0,0.3,17.3
1,2017-01-01 07:34:02,2017-01-01 07:48:23,1,3.30,1,N,151,140,1,14,0,0.5,2.5,0,0.3,17.3
2,2017-01-01 07:04:03,2017-01-01 07:10:48,2,1.53,1,N,230,186,2,7.5,0,0.5,0,0,0.3,8.3
2,2017-01-01 07:26:15,2017-01-01 07:29:56,1,1.02,1,N,141,237,1,5,0,0.5,1.16,0,0.3,6.96
1,2017-01-01 07:14:04,2017-01-01 07:17:46,1,.90,1,N,164,234,1,5,0,0.5,1,0,0.3,6.8
2,2017-01-01 07:18:22,2017-01-01 07:35:09,1,6.32,1,N,129,129,2,20,0,0.5,0,0,0.3,20.8
2,2017-01-01 06:56:06,2017-01-01 06:59:00,2,.99,1,N,68,48,1,5,0,0.5,0,0,0.3,5.8
1,2017-01-01 07:07:27,2017-01-01 07:15:42,1,2.90,1,N,229,75,2,10,0,0.5,0,0,0.3,10.8
1,2017-01-01 07:01:21,2017-01-01 07:07:15,1,1.20,1,N,107,249,1,6.5,0,0.5,1.45,0,0.3,8.75
1,2017-01-01 07:18:55,2017-01-01 07:20:40,1,.50,1,N,166,166,1,4,0,0.5,0.95,0,0.3,5.75
2,2017-01-01 07:26:00,2017-01-01 07:40:48,1,4.87,1,N,107,75,1,16,0,0.5,3.36,0,0.3,20.16
1,2017-01-01 07:26:29,2017-01-01 07:34:48,1,3.10,1,N,146,137,1,11.5,0,0.5,3.05,0,0.3,15.35
1,2017-01-01 07:09:55,2017-01-01 07:18:10,1,2.40,1,N,238,237,1,9.5,0,0.5,2.05,0,0.3,12.35
1,2017-01-01 07:22:55,2017-01-01 07:29:39,1,1.90,1,N,107,100,1,8,0,0.5,1.75,0,0.3,10.55
2,2017-01-01 07:19:05,2017-01-01 07:23:08,4,.59,1,N,152,166,2,5,0,0.5,0,0,0.3,5.8
1,2017-01-01 07:01:34,2017-01-01 07:05:11,1,.80,1,N,234,68,1,5.5,0,0.5,1,0,0.3,7.3
2,2017-01-01 07:06:12,2017-01-01 07:37:35,2,17.56,2,N,48,132,2,52,0,0.5,0,0,0.3,52.8
2,2017-01-01 07:06:09,2017-01-01 07:12:54,1,1.43,1,N,61,189,2,7.5,0,0.5,0,0,0.3,8.3
2,2017-01-01 07:03:05,2017-01-01 07:22:44,1,7.36,1,N,50,255,2,23,0,0.5,0,0,0.3,23.8
1,2017-01-01 07:34:17,2017-01-01 07:42:50,4,2.40,1,N,48,186,2,9.5,0,0.5,0,0,0.3,10.3
1,2017-01-01 06:57:16,2017-01-01 07:19:59,1,17.70,2,N,79,132,1,52,0,0.5,10,0,0.3,62.8
2,2017-01-01 07:20:36,2017-01-01 07:42:35,5,15.49,1,N,66,250,2,42.5,0,0.5,0,0,0.3,43.3
1,2017-01-01 07:11:04,2017-01-01 07:43:59,1,12.90,1,Y,132,181,1,38.5,0,0.5,0.01,0,0.3,39.31
2,2017-01-01 07:09:12,2017-01-01 07:35:04,5,16.82,2,N,219,237,1,52,0,0.5,6,0,0.3,58.8
2,2017-01-01 07:02:56,2017-01-01 07:06:17,2,.67,1,N,230,50,1,4.5,0,0.5,2,0,0.3,7.3
2,2017-01-01 07:23:15,2017-01-01 07:38:21,1,3.00,1,N,164,163,2,13,0,0.5,0,0,0.3,13.8
2,2017-01-01 06:57:26,2017-01-01 07:13:16,1,5.31,1,N,249,80,2,18,0,0.5,0,0,0.3,18.8
1,2017-01-01 06:54:20,2017-01-01 07:00:27,1,1.90,1,N,140,75,1,7.5,0,0.5,1.65,0,0.3,9.95
1,2017-01-01 07:24:06,2017-01-01 07:42:59,1,7.90,1,N,264,264,1,23.5,0,0.5,4.85,0,0.3,29.15
1,2017-01-01 07:33:43,2017-01-01 07:41:34,1,2.80,1,N,186,236,1,10,0,0.5,2.7,0,0.3,13.5
2,2017-01-01 07:09:43,2017-01-01 07:20:14,1,2.08,1,N,116,151,2,10,0,0.5,0,0,0.3,10.8
2,2017-01-01 07:19:23,2017-01-01 07:53:23,1,17.58,2,N,43,132,1,52,0,0.5,10.56,0,0.3,63.36
1,2017-01-01 07:12:57,2017-01-01 07:23:18,1,1.70,1,N,130,215,2,9,0,0.5,0,0,0.3,9.8
1,2017-01-01 07:17:48,2017-01-01 07:28:57,1,3.40,1,N,262,48,1,12,0,0.5,2.55,0,0.3,15.35
2,2017-01-01 07:03:52,2017-01-01 07:19:35,6,4.13,1,N,79,37,2,16,0,0.5,0,0,0.3,16.8
2,2017-01-01 07:23:55,2017-01-01 07:35:19,2,6.46,1,N,48,116,1,19.5,0,0.5,0,0,0.3,20.3
2,2017-01-01 07:11:59,2017-01-01 07:38:16,2,20.87,2,N,132,244,2,52,0,0.5,0,5.54,0.3,58.34
2,2017-01-01 07:37:12,2017-01-01 07:50:41,1,4.02,1,N,151,68,2,14.5,0,0.5,0,0,0.3,15.3
2,2017-01-01 00:01:04,2017-01-01 00:13:34,1,5.77,1,N,162,88,2,18,0.5,0.5,0,0,0.3,19.3
2,2017-01-01 07:03:37,2017-01-01 07:12:32,4,1.77,1,N,151,74,2,8.5,0,0.5,0,0,0.3,9.3
2,2017-01-01 07:09:50,2017-01-01 07:15:27,1,1.43,1,N,244,116,1,7,0,0.5,1.56,0,0.3,9.36
2,2017-01-01 07:06:04,2017-01-01 07:23:55,1,3.02,1,N,82,7,2,13.5,0,0.5,0,0,0.3,14.3
2,2017-01-01 07:09:32,2017-01-01 07:15:29,2,1.19,1,N,48,143,1,6.5,0,0.5,1.82,0,0.3,9.12
2,2017-01-01 07:32:47,2017-01-01 07:38:15,1,2.27,1,N,163,137,1,8,0,0.5,2.2,0,0.3,11
1,2017-01-01 06:58:21,2017-01-01 07:09:16,1,4.90,1,N,116,167,2,16.5,0,0.5,0,0,0.3,17.3
1,2017-01-01 06:56:00,2017-01-01 07:05:01,1,1.80,1,N,264,264,2,9,0,0.5,0,0,0.3,9.8
2,2017-01-01 07:05:34,2017-01-01 07:17:20,2,4.76,1,N,79,193,2,15,0,0.5,0,0,0.3,15.8
2,2017-01-01 07:08:03,2017-01-01 07:28:09,1,9.38,1,N,151,138,1,27.5,0,0.5,8.46,5.54,0.3,42.3
2,2017-01-01 07:35:13,2017-01-01 08:20:41,1,42.73,3,N,132,1,1,127,0,0,26.57,5.54,0.3,159.41
2,2017-01-01 06:58:26,2017-01-01 07:01:07,1,.85,1,N,107,137,1,4.5,0,0.5,1.06,0,0.3,6.36
1,2017-01-01 00:01:27,2017-01-01 00:15:08,1,3.50,1,N,25,61,1,13.5,0.5,0.5,2.95,0,0.3,17.75
2,2017-01-01 07:22:18,2017-01-01 07:26:05,2,.91,1,N,239,238,1,5.5,0,0.5,8.8,0,0.3,15.1
2,2017-01-01 07:06:33,2017-01-01 07:37:11,1,15.79,1,N,132,62,1,44.5,0,0.5,0,0,0.3,45.3
2,2017-01-01 07:03:22,2017-01-01 07:07:52,2,.84,1,N,48,163,2,5.5,0,0.5,0,0,0.3,6.3
2,2017-01-01 07:06:53,2017-01-01 07:15:16,1,2.93,1,N,233,79,1,11,0,0.5,2.36,0,0.3,14.16
2,2017-01-01 07:34:45,2017-01-01 07:38:45,1,1.29,1,N,163,239,1,6,0,0.5,1.36,0,0.3,8.16
2,2017-01-01 07:06:28,2017-01-01 07:18:53,1,4.11,1,N,7,140,1,14.5,0,0.5,3.06,0,0.3,18.36
2,2017-01-01 07:25:56,2017-01-01 07:45:53,1,10.41,1,N,162,138,2,30,0,0.5,0,5.54,0.3,36.34
2,2017-01-01 07:37:51,2017-01-01 07:58:27,1,7.94,1,N,164,82,2,24.5,0,0.5,0,0,0.3,25.3
2,2017-01-01 06:57:28,2017-01-01 07:05:04,2,1.59,1,N,249,107,1,8,0,0.5,1.76,0,0.3,10.56
1,2017-01-01 07:33:48,2017-01-01 08:01:23,2,11.50,1,N,230,138,2,36.5,0,0.5,0,5.54,0.3,42.84
2,2017-01-01 07:18:32,2017-01-01 07:23:34,5,.98,1,N,79,79,1,5.5,0,0.5,1.58,0,0.3,7.88
1,2017-01-01 06:55:58,2017-01-01 07:04:45,1,1.70,1,N,264,186,1,8.5,0,0.5,2.3,0,0.3,11.6
1,2017-01-01 07:28:07,2017-01-01 07:44:22,2,10.00,1,N,141,138,1,28.5,0,0.5,6.95,5.54,0.3,41.79
2,2017-01-01 06:56:54,2017-01-01 07:12:39,1,6.30,1,N,152,186,1,20.5,0,0.5,0,0,0.3,21.3
2,2017-01-01 06:56:36,2017-01-01 07:01:23,2,1.19,1,N,90,170,1,6,0,0.5,1,0,0.3,7.8
2,2017-01-01 07:18:07,2017-01-01 07:26:16,1,1.21,1,N,100,162,2,7,0,0.5,0,0,0.3,7.8
2,2017-01-01 00:01:31,2017-01-01 00:05:40,2,1.04,1,N,238,166,2,5.5,0.5,0.5,0,0,0.3,6.8
2,2017-01-01 07:24:53,2017-01-01 07:30:55,1,1.07,1,N,226,260,2,6,0,0.5,0,0,0.3,6.8
2,2017-01-01 07:21:08,2017-01-01 07:29:36,1,2.82,1,N,231,186,1,10,0,0.5,2.7,0,0.3,13.5
2,2017-01-01 07:34:12,2017-01-01 07:46:25,6,3.94,1,N,164,43,2,14,0,0.5,0,0,0.3,14.8
2,2017-01-01 06:58:42,2017-01-01 07:03:36,5,.97,1,N,74,74,2,5.5,0,0.5,0,0,0.3,6.3
1,2017-01-01 07:19:59,2017-01-01 07:32:21,1,3.50,1,N,144,181,2,13.5,0,0.5,0,0,0.3,14.3
2,2017-01-01 07:37:57,2017-01-01 07:57:44,1,16.31,3,N,50,1,2,60.5,0,0,0,15.5,0.3,76.3
1,2017-01-01 07:35:58,2017-01-01 07:39:00,1,.90,1,N,137,4,1,5,0,0.5,1.15,0,0.3,6.95
1,2017-01-01 07:33:48,2017-01-01 07:40:00,1,2.30,1,N,41,244,2,9,0,0.5,0,0,0.3,9.8
1,2017-01-01 07:23:07,2017-01-01 07:28:46,1,2.10,1,N,137,140,1,7.5,0,0.5,1,0,0.3,9.3
2,2017-01-01 07:28:39,2017-01-01 07:49:37,1,7.42,1,N,33,161,1,24,0,0.5,4.96,0,0.3,29.76
2,2017-01-01 07:21:43,2017-01-01 07:21:45,1,.00,5,N,264,37,1,16.8,0,0,4.28,0,0.3,21.38
2,2017-01-01 07:31:41,2017-01-01 07:37:37,1,1.63,1,N,186,50,1,7.5,0,0.5,1.66,0,0.3,9.96
1,2017-01-01 06:58:26,2017-01-01 07:02:30,1,1.90,1,N,75,237,1,7,0,0.5,1,0,0.3,8.8
2,2017-01-01 07:20:35,2017-01-01 07:39:59,1,5.00,1,N,230,261,2,19,0,0.5,0,0,0.3,19.8
1,2017-01-01 07:33:23,2017-01-01 07:40:40,1,1.40,1,N,211,79,3,7.5,0,0.5,0,0,0.3,8.3
1,2017-01-01 00:01:29,2017-01-01 00:20:25,2,13.80,1,N,264,264,1,37.5,0.5,0.5,9.7,0,0.3,48.5
1,2017-01-01 07:29:04,2017-01-01 07:33:34,2,.70,1,N,88,261,2,5,0,0.5,0,0,0.3,5.8
2,2017-01-01 07:11:56,2017-01-01 07:14:37,1,.46,1,N,230,162,1,4,0,0.5,0.72,0,0.3,5.52
1,2017-01-01 07:07:50,2017-01-01 07:19:10,1,3.90,1,N,173,53,2,13.5,0,0.5,0,0,0.3,14.3
2,2017-01-01 06:59:12,2017-01-01 07:16:52,6,6.07,1,N,68,80,2,21,0,0.5,0,0,0.3,21.8
1,2017-01-01 00:01:39,2017-01-01 00:01:59,2,.00,5,N,49,49,1,48.8,0,0,9.8,0,0.3,58.9
1,2017-01-01 07:18:41,2017-01-01 07:25:44,1,1.70,1,N,260,173,2,7.5,0,0.5,0,0,0.3,8.3
1,2017-01-01 07:28:33,2017-01-01 07:30:29,1,.60,1,N,107,137,2,4,0,0.5,0,0,0.3,4.8
2,2017-01-01 07:25:06,2017-01-01 07:29:51,1,.86,1,N,262,237,2,5.5,0,0.5,0,0,0.3,6.3
1,2017-01-01 07:26:15,2017-01-01 07:33:00,4,1.60,1,N,170,246,2,7.5,0,0.5,0,0,0.3,8.3
1,2017-01-01 07:37:05,2017-01-01 07:47:51,2,4.30,1,N,41,186,2,14,0,0.5,0,0,0.3,14.8
1,2017-01-01 07:11:15,2017-01-01 07:22:07,2,2.40,1,N,145,7,2,10,0,0.5,0,0,0.3,10.8
1,2017-01-01 07:04:34,2017-01-01 07:25:38,1,4.20,1,N,37,79,1,17.5,0,0.5,4.58,0,0.3,22.88
1,2017-01-01 07:30:59,2017-01-01 07:40:20,1,2.10,1,N,50,164,2,9.5,0,0.5,0,0,0.3,10.3
2,2017-01-01 07:37:40,2017-01-01 07:57:17,4,11.04,1,N,230,138,2,31.5,0,0.5,0,5.54,0.3,37.84
1,2017-01-01 07:37:42,2017-01-01 07:38:20,1,.00,1,N,170,170,2,2.5,0,0.5,0,0,0.3,3.3
1,2017-01-01 07:07:13,2017-01-01 07:13:17,1,2.20,1,N,234,48,1,8.5,0,0.5,1.85,0,0.3,11.15
2,2017-01-01 07:30:20,2017-01-01 07:36:06,1,1.37,1,N,162,140,2,7,0,0.5,0,0,0.3,7.8
1,2017-01-01 07:16:15,2017-01-01 07:26:40,1,4.30,1,N,246,140,2,13.5,0,0.5,0,0,0.3,14.3
2,2017-01-01 07:03:57,2017-01-01 07:15:21,1,7.42,1,N,263,138,1,21,0,0.5,6.84,5.54,0.3,34.18
1,2017-01-01 07:24:44,2017-01-01 07:34:27,2,3.10,1,N,166,143,1,11,0,0.5,1.18,0,0.3,12.98
1,2017-01-01 07:21:45,2017-01-01 07:37:02,1,5.10,1,N,249,24,2,17.5,0,0.5,0,0,0.3,18.3
1,2017-01-01 07:14:39,2017-01-01 07:23:57,1,3.10,1,N,231,48,1,11,0,0.5,2.35,0,0.3,14.15
1,2017-01-01 06:58:44,2017-01-01 07:13:38,2,4.30,1,N,125,17,2,16,0,0.5,0,0,0.3,16.8
1,2017-01-01 06:57:33,2017-01-01 07:06:28,1,2.80,1,N,148,80,1,10.5,0,0.5,0,0,0.3,11.3
2,2017-01-01 07:00:24,2017-01-01 07:05:49,2,1.31,1,N,7,7,1,6.5,0,0.5,1.46,0,0.3,8.76
1,2017-01-01 07:10:22,2017-01-01 07:16:24,1,1.80,1,N,100,237,1,7,0,0.5,1,0,0.3,8.8
2,2017-01-01 06:59:18,2017-01-01 07:19:13,1,6.84,1,N,144,263,1,22.5,0,0.5,1.7,0,0.3,25
2,2017-01-01 07:11:10,2017-01-01 07:23:27,1,8.10,1,N,263,138,1,23,0,0.5,3,5.54,0.3,32.34
2,2017-01-01 07:00:14,2017-01-01 07:20:54,2,6.12,1,N,48,232,1,21,0,0.5,4.36,0,0.3,26.16
2,2017-01-01 07:37:05,2017-01-01 08:05:29,6,11.57,1,N,100,138,1,34.5,0,0.5,7.06,0,0.3,42.36
2,2017-01-01 00:00:16,2017-01-01 00:10:11,5,1.53,1,N,239,48,2,6,0.5,0.5,0,0,0.3,7.3
2,2017-01-01 07:19:44,2017-01-01 07:38:04,1,5.88,1,N,79,7,1,19,0,0.5,4.95,0,0.3,24.75
2,2017-01-01 07:31:35,2017-01-01 07:45:56,1,4.98,1,N,223,43,2,16.5,0,0.5,0,0,0.3,17.3
2,2017-01-01 07:17:25,2017-01-01 07:27:17,1,3.57,1,N,140,48,2,12,0,0.5,0,0,0.3,12.8
2,2017-01-01 06:56:30,2017-01-01 07:00:35,1,.68,1,N,186,246,2,5,0,0.5,0,0,0.3,5.8
1,2017-01-01 00:00:50,2017-01-01 00:01:31,1,.00,1,N,138,138,3,2.5,0.5,0.5,0,0,0.3,3.8
2,2017-01-01 07:19:36,2017-01-01 07:29:25,1,2.50,1,N,79,48,1,10.5,0,0.5,2.26,0,0.3,13.56
1,2017-01-01 07:17:16,2017-01-01 07:24:45,1,2.80,1,N,263,137,1,10,0,0.5,2.7,0,0.3,13.5
2,2017-01-01 07:07:38,2017-01-01 07:16:13,1,1.61,1,N,114,4,2,8,0,0.5,0,0,0.3,8.8
1,2017-01-01 00:00:36,2017-01-01 00:12:55,1,3.60,1,N,263,7,2,13,0.5,0.5,0,0,0.3,14.3
2,2017-01-01 07:29:34,2017-01-01 07:29:55,1,.04,1,N,142,142,2,2.5,0,0.5,0,0,0.3,3.3
2,2017-01-01 07:21:39,2017-01-01 07:34:25,2,6.00,1,N,74,137,2,18.5,0,0.5,0,0,0.3,19.3
1,2017-01-01 07:36:08,2017-01-01 07:44:01,3,1.60,1,N,79,170,1,8,0,0.5,2.8,0,0.3,11.6
2,2017-01-01 07:24:25,2017-01-01 07:36:57,1,3.48,1,N,234,65,1,13.5,0,0.5,0,0,0.3,14.3
1,2017-01-01 07:38:09,2017-01-01 07:40:56,1,1.30,1,N,211,90,1,5.5,0,0.5,0.63,0,0.3,6.93
1,2017-01-01 07:18:16,2017-01-01 07:21:51,1,.60,1,N,264,264,2,4.5,0,0.5,0,0,0.3,5.3
1,2017-01-01 07:20:21,2017-01-01 07:26:22,4,1.30,1,N,230,164,2,7,0,0.5,0,0,0.3,7.8
1,2017-01-01 00:00:02,2017-01-01 00:03:50,1,.50,1,N,48,48,2,4,0.5,0.5,0,0,0.3,5.3
2,2017-01-01 07:31:46,2017-01-01 07:35:28,1,1.11,1,N,234,186,1,5.5,0,0.5,1.58,0,0.3,7.88
2,2017-01-01 06:55:46,2017-01-01 07:08:07,1,6.40,1,N,141,7,2,18.5,0,0.5,0,5.54,0.3,24.84
1,2017-01-01 07:26:08,2017-01-01 07:43:06,1,6.20,1,N,256,106,2,20,0,0.5,0,0,0.3,20.8
1,2017-01-01 07:00:00,2017-01-01 07:01:22,1,.50,1,N,239,238,1,3.5,0,0.5,0.85,0,0.3,5.15
1,2017-01-01 07:20:42,2017-01-01 07:44:35,1,8.70,1,N,255,236,1,27,0,0.5,3,0,0.3,30.8
1,2017-01-01 07:32:35,2017-01-01 07:54:37,1,9.50,1,N,162,138,1,28.5,0,0.5,5.85,0,0.3,35.15
2,2017-01-01 06:56:21,2017-01-01 07:19:35,1,18.86,3,N,186,1,1,68,0,0,6.2,15.5,0.3,90
2,2017-01-01 06:56:32,2017-01-01 07:13:18,2,9.37,1,N,132,98,2,27,0,0.5,0,0,0.3,27.8
1,2017-01-01 07:12:42,2017-01-01 07:18:13,1,2.50,1,N,141,74,2,8.5,0,0.5,0,0,0.3,9.3
2,2017-01-01 07:22:35,2017-01-01 07:26:13,1,.73,1,N,186,48,1,5,0,0.5,1,0,0.3,6.8
2,2017-01-01 06:57:53,2017-01-01 07:01:40,1,1.67,1,N,263,74,2,6.5,0,0.5,0,0,0.3,7.3
1,2017-01-01 07:03:32,2017-01-01 07:07:52,1,1.00,1,N,74,75,1,5.5,0,0.5,1.25,0,0.3,7.55
1,2017-01-01 06:57:50,2017-01-01 07:10:31,1,4.80,1,N,43,113,2,15.5,0,0.5,0,0,0.3,16.3
2,2017-01-01 06:58:02,2017-01-01 07:01:17,1,.61,1,N,79,113,2,5,0,0.5,0,0,0.3,5.8
1,2017-01-01 07:06:52,2017-01-01 07:23:18,1,5.40,1,N,164,226,1,18,0,0.5,2.2,0,0.3,21
1,2017-01-01 07:33:22,2017-01-01 07:46:58,1,5.00,1,N,249,112,1,16.5,0,0.5,5.15,0,0.3,22.45
2,2017-01-01 07:24:49,2017-01-01 07:29:44,1,1.10,1,N,148,79,2,6,0,0.5,0,0,0.3,6.8
2,2017-01-01 00:00:18,2017-01-01 00:20:59,4,1.85,1,N,229,68,2,13,0.5,0.5,0,0,0.3,14.3
1,2017-01-01 00:01:42,2017-01-01 00:23:00,1,12.30,1,N,138,33,1,34,0.5,0.5,7.05,0,0.3,42.35
2,2017-01-01 07:25:06,2017-01-01 07:42:08,1,10.47,1,N,79,243,2,30,0,0.5,0,0,0.3,30.8
2,2017-01-01 07:06:11,2017-01-01 07:15:59,2,3.62,1,N,238,229,2,12.5,0,0.5,0,0,0.3,13.3
2,2017-01-01 07:16:44,2017-01-01 07:21:39,1,2.24,1,N,263,140,1,8,0,0.5,0,0,0.3,8.8
2,2017-01-01 00:01:06,2017-01-01 00:25:44,1,5.67,1,N,234,41,2,21,0.5,0.5,0,0,0.3,22.3
2,2017-01-01 07:08:50,2017-01-01 07:44:19,2,18.46,2,N,132,43,2,52,0,0.5,0,0,0.3,52.8
2,2017-01-01 07:30:38,2017-01-01 07:42:34,3,4.83,1,N,264,264,1,16.5,0,0.5,4.32,0,0.3,21.62
2,2017-01-01 07:19:56,2017-01-01 07:33:30,1,3.44,1,N,113,255,1,13.5,0,0.5,2.86,0,0.3,17.16
1,2017-01-01 07:32:13,2017-01-01 07:46:02,3,4.90,1,N,79,112,1,16.5,0,0.5,3.45,0,0.3,20.75
2,2017-01-01 07:22:14,2017-01-01 07:52:29,1,18.08,2,N,132,237,1,52,0,0.5,7.92,0,0.3,60.72
2,2017-01-01 07:22:25,2017-01-01 07:34:42,1,4.59,1,N,146,138,2,15,0,0.5,0,0,0.3,15.8
1,2017-01-01 07:33:48,2017-01-01 07:35:11,1,.50,1,N,193,193,2,3.5,0,0.5,0,0,0.3,4.3
2,2017-01-01 07:03:49,2017-01-01 07:06:50,2,.58,1,N,141,140,1,4.5,0,0.5,1.06,0,0.3,6.36
2,2017-01-01 07:03:33,2017-01-01 07:25:20,1,9.51,1,N,179,185,2,26.5,0,0.5,0,5.54,0.3,32.84
2,2017-01-01 07:26:13,2017-01-01 07:40:32,1,3.45,1,N,143,75,1,14,0,0.5,2.96,0,0.3,17.76
2,2017-01-01 07:09:02,2017-01-01 07:21:24,1,2.83,1,N,107,231,1,12.5,0,0.5,1,0,0.3,14.3
2,2017-01-01 07:09:46,2017-01-01 07:16:23,1,2.71,1,N,170,263,2,9.5,0,0.5,0,0,0.3,10.3
1,2017-01-01 06:57:52,2017-01-01 07:17:17,1,9.80,1,N,114,160,1,28.5,0,0.5,5.85,0,0.3,35.15
1,2017-01-01 07:14:28,2017-01-01 07:28:33,1,3.80,1,N,68,236,1,14,0,0.5,2.95,0,0.3,17.75
2,2017-01-01 07:16:52,2017-01-01 07:39:29,1,7.43,1,N,264,264,1,23.5,0,0.5,3.7,0,0.3,28
1,2017-01-01 07:31:45,2017-01-01 07:41:11,1,3.90,1,N,263,159,1,13,0,0.5,2,0,0.3,15.8
1,2017-01-01 07:19:07,2017-01-01 07:34:03,1,5.20,1,N,234,75,2,16.5,0,0.5,0,0,0.3,17.3
2,2017-01-01 00:01:04,2017-01-01 00:08:01,6,.87,1,N,107,107,1,6,0.5,0.5,5,0,0.3,12.3
2,2017-01-01 07:03:56,2017-01-01 07:18:01,1,6.28,1,N,74,234,1,20,0,0.5,2,0,0.3,22.8
1,2017-01-01 07:13:41,2017-01-01 07:26:30,1,3.80,1,N,236,159,2,14.5,0,0.5,0,0,0.3,15.3
1,2017-01-01 07:26:21,2017-01-01 07:34:33,2,1.50,1,N,162,48,1,8,0,0.5,0.88,0,0.3,9.68
2,2017-01-01 07:14:33,2017-01-01 07:22:42,3,1.71,1,N,79,186,2,8.5,0,0.5,0,0,0.3,9.3
1,2017-01-01 07:14:49,2017-01-01 07:17:47,1,.60,1,N,264,264,1,4.5,0,0.5,1.05,0,0.3,6.35
2,2017-01-01 07:11:19,2017-01-01 07:19:13,1,3.59,1,N,79,140,1,11.5,0,0.5,1.84,0,0.3,14.14
1,2017-01-01 00:00:47,2017-01-01 00:03:13,1,2.20,1,N,137,137,2,3.5,0.5,0.5,0,0,0.3,4.8
2,2017-01-01 07:31:22,2017-01-01 07:39:47,3,2.06,1,N,239,263,2,9,0,0.5,0,0,0.3,9.8
1,2017-01-01 07:35:33,2017-01-01 07:40:11,1,1.70,1,N,234,211,1,7,0,0.5,2.3,0,0.3,10.1
1,2017-01-01 07:11:09,2017-01-01 07:12:17,1,.10,1,N,239,239,1,3,0,0.5,1.1,0,0.3,4.9
2,2017-01-01 00:01:52,2017-01-01 00:05:11,1,.56,1,N,114,79,1,4.5,0.5,0.5,0,0,0.3,5.8
2,2017-01-01 06:55:17,2017-01-01 07:24:05,1,10.02,1,N,48,106,2,31.5,0,0.5,0,0,0.3,32.3
1,2017-01-01 07:30:54,2017-01-01 08:12:39,1,19.10,1,N,252,252,2,55.5,0,0.5,0,0,0.3,56.3
1,2017-01-01 07:08:54,2017-01-01 07:24:50,2,2.80,1,N,145,226,2,13.5,0,0.5,0,0,0.3,14.3
2,2017-01-01 07:18:52,2017-01-01 07:25:07,2,1.81,1,N,229,186,2,7.5,0,0.5,0,0,0.3,8.3
1,2017-01-01 07:14:01,2017-01-01 07:19:57,1,1.80,1,N,230,164,1,7,0,0.5,1.17,0,0.3,8.97
2,2017-01-01 07:37:04,2017-01-01 07:48:47,2,2.50,1,N,17,36,1,11.5,0,0.5,2.46,0,0.3,14.76
1,2017-01-01 07:34:24,2017-01-01 07:41:03,1,1.50,1,N,114,232,1,7,0,0.5,3.12,0,0.3,10.92
2,2017-01-01 07:09:59,2017-01-01 07:19:32,1,2.92,1,N,116,238,2,11,0,0.5,0,0,0.3,11.8
2,2017-01-01 07:29:47,2017-01-01 07:43:34,2,6.89,1,N,161,13,2,21,0,0.5,0,0,0.3,21.8
2,2017-01-01 07:17:49,2017-01-01 07:23:44,1,2.45,1,N,75,237,1,8.5,0,0.5,1.86,0,0.3,11.16
1,2017-01-01 07:28:55,2017-01-01 08:00:03,1,8.20,1,N,230,70,2,28,0,0.5,0,0,0.3,28.8
2,2017-01-01 07:03:05,2017-01-01 07:22:44,1,7.36,1,N,50,255,2,23,0,0.5,0,0,0.3,23.8
1,2017-01-01 00:00:58,2017-01-01 00:10:47,1,1.20,1,N,113,137,2,8,0.5,0.5,0,0,0.3,9.3
2,2017-01-01 07:28:57,2017-01-01 07:41:16,1,1.65,1,N,114,45,2,9,0,0.5,0,0,0.3,9.8
1,2017-01-01 07:23:22,2017-01-01 07:30:49,1,1.40,1,N,247,167,2,7,0,0.5,0,0,0.3,7.8
2,2017-01-01 07:05:19,2017-01-01 07:05:21,1,.00,1,N,264,264,1,2.5,0,0.5,0,0,0.3,3.3
1,2017-01-01 07:17:41,2017-01-01 07:38:34,1,7.20,1,N,79,159,1,22.5,0,0.5,2,0,0.3,25.3
1,2017-01-01 07:05:21,2017-01-01 07:17:07,1,4.70,1,N,249,236,1,15,0,0.5,3.95,0,0.3,19.75
1,2017-01-01 07:36:55,2017-01-01 07:44:27,1,1.70,1,N,113,231,1,8,0,0.5,0.5,0,0.3,9.3
2,2017-01-01 07:22:50,2017-01-01 07:34:00,4,2.54,1,N,37,61,2,11,0,0.5,0,0,0.3,11.8
1,2017-01-01 07:09:55,2017-01-01 07:19:13,1,2.20,1,N,113,100,1,9.5,0,0.5,0,0,0.3,10.3
1,2017-01-01 07:23:40,2017-01-01 07:38:18,1,5.20,1,Y,79,238,1,16.5,0,0.5,2,0,0.3,19.3
2,2017-01-01 07:31:53,2017-01-01 07:33:33,1,.61,1,N,107,137,2,4,0,0.5,0,0,0.3,4.8
1,2017-01-01 07:11:37,2017-01-01 07:48:55,1,18.00,2,N,48,132,1,52,0,0.5,11.65,5.54,0.3,69.99
2,2017-01-01 07:16:42,2017-01-01 07:26:32,1,1.77,1,N,79,45,1,9,0,0.5,2.45,0,0.3,12.25
2,2017-01-01 07:15:01,2017-01-01 07:17:15,3,.94,1,N,7,193,2,4.5,0,0.5,0,0,0.3,5.3
1,2017-01-01 07:28:12,2017-01-01 07:39:22,1,2.50,1,N,75,152,2,10.5,0,0.5,0,0,0.3,11.3
2,2017-01-01 07:30:27,2017-01-01 07:35:17,1,1.33,1,N,163,162,1,6.5,0,0.5,1.82,0,0.3,9.12
2,2017-01-01 07:15:53,2017-01-01 07:20:34,1,1.32,1,N,168,74,2,6,0,0.5,0,0,0.3,6.8
1,2017-01-01 07:36:20,2017-01-01 07:59:51,1,8.70,1,N,132,132,1,27.5,0,0.5,0,0,0.3,28.3
1,2017-01-01 07:21:29,2017-01-01 07:41:58,1,8.30,1,N,79,227,2,26.5,0,0.5,0,0,0.3,27.3
1,2017-01-01 06:56:09,2017-01-01 06:58:10,1,.80,1,N,48,142,1,4.5,0,0.5,1.55,0,0.3,6.85
1,2017-01-01 07:18:34,2017-01-01 07:21:57,2,1.30,1,N,264,264,1,5.5,0,0.5,1,0,0.3,7.3
1,2017-01-01 06:56:52,2017-01-01 06:58:03,1,.40,1,N,230,163,4,3.5,0,0.5,0,0,0.3,4.3
2,2017-01-01 07:02:27,2017-01-01 07:04:47,5,.56,1,N,170,229,2,4,0,0.5,0,0,0.3,4.8
2,2017-01-01 07:06:33,2017-01-01 07:07:43,2,.51,1,N,48,48,2,3.5,0,0.5,0,0,0.3,4.3
2,2017-01-01 07:05:10,2017-01-01 07:14:38,1,4.61,1,N,238,244,1,15,0,0.5,3.16,0,0.3,18.96
1,2017-01-01 06:55:11,2017-01-01 07:01:03,1,1.00,1,N,107,90,2,6.5,0,0.5,0,0,0.3,7.3
1,2017-01-01 07:07:09,2017-01-01 07:22:04,2,5.50,1,N,87,48,3,18,0,0.5,0,0,0.3,18.8
2,2017-01-01 07:35:44,2017-01-01 07:41:37,1,1.18,1,N,68,162,2,6.5,0,0.5,0,0,0.3,7.3
1,2017-01-01 06:58:07,2017-01-01 07:04:51,2,1.70,1,N,161,79,2,7.5,0,0.5,0,0,0.3,8.3
2,2017-01-01 07:02:59,2017-01-01 07:10:44,1,2.28,1,N,230,238,2,9,0,0.5,0,0,0.3,9.8
2,2017-01-01 07:36:09,2017-01-01 07:45:13,1,1.04,1,N,129,173,2,8,0,0.5,0,0,0.3,8.8
2,2017-01-01 07:03:28,2017-01-01 07:49:31,1,19.02,2,N,48,132,2,52,0,0.5,0,5.54,0.3,58.34
2,2017-01-01 07:23:29,2017-01-01 07:26:52,4,.77,1,N,148,114,1,5,0,0.5,1,0,0.3,6.8
2,2017-01-01 06:58:56,2017-01-01 07:05:12,1,2.60,1,N,229,226,2,9.5,0,0.5,0,0,0.3,10.3
2,2017-01-01 07:03:02,2017-01-01 07:12:45,1,3.60,1,N,239,116,1,12,0,0.5,2.56,0,0.3,15.36
2,2017-01-01 07:11:09,2017-01-01 07:17:32,2,1.24,1,N,170,230,2,6,0,0.5,0,0,0.3,6.8
1,2017-01-01 07:18:16,2017-01-01 07:21:51,1,.60,1,N,264,264,2,4.5,0,0.5,0,0,0.3,5.3
1,2017-01-01 07:27:55,2017-01-01 07:42:06,2,3.90,1,N,37,144,2,15,0,0.5,0,0,0.3,15.8
1,2017-01-01 07:25:01,2017-01-01 07:25:07,1,4.80,1,N,132,132,3,2.5,0,0.5,0,0,0.3,3.3
1,2017-01-01 07:29:01,2017-01-01 07:38:56,1,1.70,1,N,41,24,1,9,0,0.5,1.2,0,0.3,11
1,2017-01-01 00:00:03,2017-01-01 00:06:58,1,.80,1,N,162,161,1,6,0.5,0.5,1.45,0,0.3,8.75
2,2017-01-01 07:37:10,2017-01-01 07:43:24,1,1.22,1,N,166,74,2,7,0,0.5,0,0,0.3,7.8
2,2017-01-01 07:24:37,2017-01-01 07:26:12,1,.38,1,N,75,75,2,3.5,0,0.5,0,0,0.3,4.3
2,2017-01-01 07:01:53,2017-01-01 07:06:23,3,1.13,1,N,161,50,2,6,0,0.5,0,0,0.3,6.8
1,2017-01-01 07:10:19,2017-01-01 07:24:27,1,4.50,1,N,249,140,1,15,0,0.5,1.58,0,0.3,17.38
1,2017-01-01 07:22:27,2017-01-01 07:24:10,1,.00,5,N,33,33,1,50,0,0,5,0,0.3,55.3
2,2017-01-01 07:15:16,2017-01-01 07:36:38,3,9.37,1,N,17,237,1,28,0,0.5,5.5,0,0.3,34.3
2,2017-01-01 07:27:05,2017-01-01 07:27:44,3,.26,1,N,264,264,2,3,0,0.5,0,0,0.3,3.8
1,2017-01-01 06:59:09,2017-01-01 07:03:02,1,.70,1,N,239,238,1,5,0,0.5,1.15,0,0.3,6.95
2,2017-01-01 00:00:54,2017-01-01 00:07:48,5,1.17,1,N,158,90,1,6.5,0.5,0.5,2.34,0,0.3,10.14
2,2017-01-01 07:22:10,2017-01-01 07:30:17,6,2.75,1,N,79,48,1,10,0,0.5,2.7,0,0.3,13.5
2,2017-01-01 07:16:59,2017-01-01 07:26:55,1,4.59,1,N,90,75,1,14,0,0.5,1.78,0,0.3,16.58
2,2017-01-01 07:05:22,2017-01-01 07:11:59,1,1.85,1,N,13,87,2,8,0,0.5,0,0,0.3,8.8
1,2017-01-01 06:56:45,2017-01-01 07:09:39,1,3.60,1,N,264,264,2,14,0,0.5,0,0,0.3,14.8
2,2017-01-01 00:01:30,2017-01-01 00:11:20,5,1.53,1,N,141,161,1,8.5,0.5,0.5,2.45,0,0.3,12.25
1,2017-01-01 07:24:42,2017-01-01 07:28:42,2,1.00,1,N,161,186,1,5.5,0,0.5,2,0,0.3,8.3
1,2017-01-01 06:56:35,2017-01-01 06:58:14,1,.80,1,N,236,75,1,4.5,0,0.5,1.05,0,0.3,6.35
1,2017-01-01 07:26:31,2017-01-01 07:49:59,1,17.90,1,N,132,49,1,47.5,0,0.5,9.65,0,0.3,57.95
2,2017-01-01 07:36:09,2017-01-01 07:45:13,1,1.04,1,N,129,173,2,8,0,0.5,0,0,0.3,8.8
2,2017-01-01 07:01:31,2017-01-01 07:04:44,1,1.27,1,N,48,68,1,5.5,0,0.5,2,0,0.3,8.3
2,2017-01-01 07:29:40,2017-01-01 07:52:10,2,7.52,1,N,90,42,1,23,0,0.5,5.95,0,0.3,29.75
2,2017-01-01 07:05:10,2017-01-01 07:12:59,4,2.21,1,N,236,230,2,9,0,0.5,0,0,0.3,9.8
1,2017-01-01 07:31:25,2017-01-01 07:40:50,1,1.90,1,N,264,264,2,9.5,0,0.5,0,0,0.3,10.3
1,2017-01-01 07:09:50,2017-01-01 07:24:27,2,5.30,1,N,230,260,1,17.5,0,0.5,0,0,0.3,18.3
2,2017-01-01 06:54:08,2017-01-01 07:00:35,1,1.41,1,N,234,246,2,7,0,0.5,0,0,0.3,7.8
2,2017-01-01 07:20:06,2017-01-01 07:24:03,1,.96,1,N,236,75,1,5.5,0,0.5,1.26,0,0.3,7.56
1,2017-01-01 07:02:54,2017-01-01 07:13:16,2,2.00,1,N,162,186,2,9.5,0,0.5,0,0,0.3,10.3
2,2017-01-01 00:01:09,2017-01-01 00:12:06,1,4.20,1,N,236,226,2,13.5,0.5,0.5,0,0,0.3,14.8
1,2017-01-01 07:10:13,2017-01-01 07:21:11,1,3.50,1,N,231,164,3,12.5,0,0.5,0,0,0.3,13.3
1,2017-01-01 07:24:42,2017-01-01 07:28:42,2,1.00,1,N,161,186,1,5.5,0,0.5,2,0,0.3,8.3
2,2017-01-01 07:23:17,2017-01-01 07:46:22,3,7.62,1,N,148,7,2,23.5,0,0.5,0,0,0.3,24.3
2,2017-01-01 07:23:17,2017-01-01 07:46:22,3,7.62,1,N,148,7,2,23.5,0,0.5,0,0,0.3,24.3
2,2017-01-01 07:07:21,2017-01-01 07:16:17,2,2.32,1,N,170,140,2,9,0,0.5,0,0,0.3,9.8
1,2017-01-01 07:03:36,2017-01-01 07:06:19,1,1.50,1,N,233,107,1,6,0,0.5,1,0,0.3,7.8
2,2017-01-01 07:19:45,2017-01-01 07:35:32,1,9.47,1,N,137,257,1,26.5,0,0.5,5.46,0,0.3,32.76
2,2017-01-01 06:53:29,2017-01-01 07:08:42,1,4.46,1,N,48,7,2,16,0,0.5,0,0,0.3,16.8
2,2017-01-01 07:06:48,2017-01-01 07:19:41,1,8.76,1,N,233,138,1,24.5,0,0.5,9.25,5.54,0.3,40.09
2,2017-01-01 06:57:33,2017-01-01 07:13:32,2,9.13,1,N,162,138,1,26,0,0.5,0,5.54,0.3,32.34
1,2017-01-01 07:29:10,2017-01-01 07:54:22,2,15.20,1,N,230,259,2,43,0,0.5,0,0,0.3,43.8
1,2017-01-01 07:25:05,2017-01-01 07:25:18,1,.00,5,N,164,164,3,0.01,0,0,0,0,0.3,0.31
2,2017-01-01 07:00:00,2017-01-01 07:06:06,3,1.78,1,N,48,239,1,7.5,0,0.5,1.66,0,0.3,9.96
2,2017-01-01 07:00:26,2017-01-01 07:27:05,1,6.93,1,N,48,17,2,24.5,0,0.5,0,0,0.3,25.3
2,2017-01-01 07:34:10,2017-01-01 07:54:01,1,7.23,1,N,161,42,1,23,0,0.5,4.76,0,0.3,28.56
1,2017-01-01 00:01:27,2017-01-01 00:15:08,1,3.50,1,N,25,61,1,13.5,0.5,0.5,2.95,0,0.3,17.75
2,2017-01-01 06:55:47,2017-01-01 06:58:28,1,1.11,1,N,263,140,1,5,0,0.5,1.74,0,0.3,7.54
1,2017-01-01 07:06:25,2017-01-01 07:10:32,1,1.00,1,N,107,170,1,5.5,0,0.5,1.25,0,0.3,7.55
1,2017-01-01 07:02:36,2017-01-01 07:28:43,1,10.40,1,N,144,223,1,32,0,0.5,6.55,0,0.3,39.35
1,2017-01-01 07:20:16,2017-01-01 07:29:14,1,1.10,1,N,230,170,1,7.5,0,0.5,2.45,0,0.3,10.75
2,2017-01-01 07:01:12,2017-01-01 07:06:52,5,2.25,1,N,107,141,1,8,0,0.5,2.2,0,0.3,11
1,2017-01-01 07:28:34,2017-01-01 07:34:01,1,1.50,1,N,68,170,1,6.5,0,0.5,1.2,0,0.3,8.5
1,2017-01-01 07:10:52,2017-01-01 07:33:20,1,10.50,1,N,50,169,1,32,0,0.5,1.2,0,0.3,34
2,2017-01-01 07:11:16,2017-01-01 07:18:44,1,1.26,1,N,233,230,2,7,0,0.5,0,0,0.3,7.8
1,2017-01-01 07:36:57,2017-01-01 07:49:22,1,4.00,1,N,148,36,1,14,0,0.5,2.95,0,0.3,17.75
2,2017-01-01 07:00:00,2017-01-01 07:03:19,1,.85,1,N,237,236,2,5,0,0.5,0,0,0.3,5.8
2,2017-01-01 07:05:54,2017-01-01 07:10:33,5,1.30,1,N,48,162,2,6,0,0.5,0,0,0.3,6.8
2,2017-01-01 07:12:37,2017-01-01 07:17:30,1,.69,1,N,230,162,2,5.5,0,0.5,0,0,0.3,6.3
1,2017-01-01 07:30:28,2017-01-01 07:35:36,1,1.10,1,N,186,230,1,6,0,0.5,0,0,0.3,6.8
2,2017-01-01 00:01:27,2017-01-01 00:08:54,1,1.14,1,N,144,148,1,7,0.5,0.5,2.08,0,0.3,10.38
2,2017-01-01 07:30:54,2017-01-01 07:49:21,1,8.42,1,N,189,230,1,25.5,0,0.5,6.58,0,0.3,32.88
1,2017-01-01 07:13:13,2017-01-01 07:14:26,1,.00,3,N,48,100,3,20.5,0,0,0,0,0.3,20.8
1,2017-01-01 06:54:59,2017-01-01 07:01:01,1,.90,1,N,48,186,1,6,0,0.5,2,0,0.3,8.8
1,2017-01-01 07:28:31,2017-01-01 07:37:48,1,4.60,1,N,138,146,2,14.5,0,0.5,0,0,0.3,15.3
1,2017-01-01 07:17:54,2017-01-01 07:33:57,1,5.20,1,N,260,262,2,17.5,0,0.5,0,0,0.3,18.3
2,2017-01-01 07:14:28,2017-01-01 07:23:12,1,1.71,1,N,92,73,2,8.5,0,0.5,0,0,0.3,9.3
2,2017-01-01 07:32:02,2017-01-01 07:36:33,1,1.49,1,N,262,75,2,6,0,0.5,0,0,0.3,6.8
1,2017-01-01 07:23:50,2017-01-01 07:45:21,1,12.10,1,N,138,185,2,34.5,0,0.5,0,5.54,0.3,40.84
2,2017-01-01 06:54:55,2017-01-01 07:08:04,1,3.13,1,N,186,140,2,12.5,0,0.5,0,0,0.3,13.3
2,2017-01-01 07:03:29,2017-01-01 07:05:00,6,.23,1,N,246,48,1,3.5,0,0.5,0.86,0,0.3,5.16
2,2017-01-01 06:59:15,2017-01-01 07:08:34,1,1.95,1,N,264,264,2,9.5,0,0.5,0,0,0.3,10.3
1,2017-01-01 07:33:48,2017-01-01 07:35:11,1,.50,1,N,193,193,2,3.5,0,0.5,0,0,0.3,4.3
2,2017-01-01 07:27:18,2017-01-01 07:43:26,1,5.81,1,N,224,7,2,19.5,0,0.5,0,0,0.3,20.3
2,2017-01-01 07:18:18,2017-01-01 07:26:01,1,3.12,1,N,50,24,1,11,0,0.5,2.36,0,0.3,14.16
2,2017-01-01 07:25:06,2017-01-01 07:29:51,1,.86,1,N,262,237,2,5.5,0,0.5,0,0,0.3,6.3
2,2017-01-01 00:01:52,2017-01-01 00:05:11,1,.56,1,N,114,79,1,4.5,0.5,0.5,0,0,0.3,5.8
2,2017-01-01 07:06:53,2017-01-01 07:15:16,1,2.93,1,N,233,79,1,11,0,0.5,2.36,0,0.3,14.16
1,2017-01-01 06:53:33,2017-01-01 07:08:29,3,11.40,1,N,132,138,1,31,0,0.5,4.5,0,0.3,36.3
2,2017-01-01 07:02:28,2017-01-01 07:28:51,6,19.92,2,N,132,262,1,52,0,0.5,6,5.54,0.3,64.34
2,2017-01-01 07:20:28,2017-01-01 07:34:43,1,2.07,1,N,80,36,2,10.5,0,0.5,0,0,0.3,11.3
1,2017-01-01 06:55:49,2017-01-01 06:58:05,1,.70,1,N,90,48,2,4,0,0.5,0,0,0.3,4.8
2,2017-01-01 00:00:31,2017-01-01 00:08:47,1,1.78,1,N,113,231,1,8,0.5,0.5,1.86,0,0.3,11.16
1,2017-01-01 07:24:06,2017-01-01 07:49:31,2,10.30,1,N,48,138,2,31,0,0.5,0,5.54,0.3,37.34
1,2017-01-01 06:56:42,2017-01-01 06:58:58,2,.50,1,N,173,82,2,4,0,0.5,0,0,0.3,4.8
2,2017-01-01 07:06:34,2017-01-01 07:14:35,1,2.47,1,N,148,233,1,9,0,0.5,1.96,0,0.3,11.76
1,2017-01-01 07:10:59,2017-01-01 07:44:32,1,21.10,2,N,143,132,1,52,0,0.5,1.6,5.54,0.3,59.94
2,2017-01-01 07:00:31,2017-01-01 07:13:23,2,4.86,1,N,164,226,2,16,0,0.5,0,0,0.3,16.8
1,2017-01-01 07:00:08,2017-01-01 07:11:57,2,3.70,1,N,261,256,2,13.5,0,0.5,0,0,0.3,14.3
2,2017-01-01 07:34:36,2017-01-01 07:38:27,6,1.62,1,N,50,239,1,6.5,0,0.5,1.82,0,0.3,9.12
2,2017-01-01 07:10:41,2017-01-01 07:33:43,1,19.33,2,N,132,238,1,52,0,0.5,11.67,5.54,0.3,70.01
2,2017-01-01 07:15:54,2017-01-01 07:17:31,2,.57,1,N,166,166,2,3.5,0,0.5,0,0,0.3,4.3
2,2017-01-01 06:55:11,2017-01-01 07:07:53,1,3.48,1,N,146,50,1,13.5,0,0.5,0,0,0.3,14.3
2,2017-01-01 07:00:11,2017-01-01 07:03:50,1,1.16,1,N,238,166,1,5.5,0,0.5,1.26,0,0.3,7.56
1,2017-01-01 07:08:06,2017-01-01 07:20:50,1,2.70,1,N,244,169,1,11.5,0,0.5,0,0,0.3,12.3
1,2017-01-01 07:36:18,2017-01-01 08:16:53,3,18.70,2,N,48,132,2,52,0,0.5,0,0,0.3,52.8
2,2017-01-01 07:25:06,2017-01-01 07:42:08,1,10.47,1,N,79,243,2,30,0,0.5,0,0,0.3,30.8
1,2017-01-01 07:08:13,2017-01-01 07:26:34,2,5.40,1,N,107,7,2,19,0,0.5,0,0,0.3,19.8
1,2017-01-01 07:30:42,2017-01-01 07:38:51,1,1.60,1,N,264,264,2,7.5,0,0.5,0,0,0.3,8.3
2,2017-01-01 06:55:09,2017-01-01 07:01:46,2,2.07,1,N,140,75,2,8,0,0.5,0,0,0.3,8.8
1,2017-01-01 07:35:33,2017-01-01 07:48:30,1,5.90,1,N,170,261,2,18.5,0,0.5,0,0,0.3,19.3
1,2017-01-01 07:24:18,2017-01-01 07:33:11,1,1.70,1,N,231,232,2,8.5,0,0.5,0,0,0.3,9.3
1,2017-01-01 07:07:43,2017-01-01 07:16:17,1,2.60,1,N,164,239,2,10,0,0.5,0,0,0.3,10.8
2,2017-01-01 07:07:33,2017-01-01 07:16:12,1,1.84,1,N,161,140,2,8.5,0,0.5,0,0,0.3,9.3
2,2017-01-01 07:24:00,2017-01-01 07:24:05,1,.01,1,N,264,234,2,2.5,0,0.5,0,0,0.3,3.3
1,2017-01-01 07:21:59,2017-01-01 07:35:31,1,6.80,1,N,48,244,1,20.5,0,0.5,2,0,0.3,23.3
1,2017-01-01 07:24:55,2017-01-01 07:29:20,2,.70,1,N,107,90,1,5,0,0.5,1.15,0,0.3,6.95
1,2017-01-01 07:26:24,2017-01-01 07:34:54,2,1.80,1,N,162,48,2,8.5,0,0.5,0,0,0.3,9.3
1,2017-01-01 07:37:49,2017-01-01 07:40:09,1,1.00,1,N,50,142,2,5,0,0.5,0,0,0.3,5.8
2,2017-01-01 07:01:55,2017-01-01 07:10:44,1,2.13,1,N,163,234,1,9,0,0.5,2.94,0,0.3,12.74
1,2017-01-01 07:20:00,2017-01-01 07:35:54,1,8.20,1,N,236,138,1,25,0,0.5,9.4,5.54,0.3,40.74
2,2017-01-01 07:25:11,2017-01-01 07:47:04,3,5.90,1,N,181,63,2,20.5,0,0.5,0,0,0.3,21.3
2,2017-01-01 07:05:10,2017-01-01 07:12:59,4,2.21,1,N,236,230,2,9,0,0.5,0,0,0.3,9.8
1,2017-01-01 07:08:55,2017-01-01 07:21:34,1,11.20,1,N,48,200,2,30.5,0,0.5,0,2.54,0.3,33.84
2,2017-01-01 07:36:52,2017-01-01 07:47:45,1,3.07,1,N,264,264,1,11.5,0,0.5,2.46,0,0.3,14.76
2,2017-01-01 07:23:50,2017-01-01 07:26:19,1,.95,1,N,107,148,1,5,0,0.5,1.16,0,0.3,6.96
1,2017-01-01 07:23:10,2017-01-01 07:41:54,1,4.60,1,N,230,232,1,18,0,0.5,2,0,0.3,20.8
1,2017-01-01 07:32:04,2017-01-01 07:57:53,1,17.50,2,N,90,132,2,52,0,0.5,0,5.54,0.3,58.34
2,2017-01-01 07:06:12,2017-01-01 07:16:43,1,3.14,1,N,238,74,1,11.5,0,0.5,1,0,0.3,13.3
1,2017-01-01 07:28:12,2017-01-01 07:39:22,1,2.50,1,N,75,152,2,10.5,0,0.5,0,0,0.3,11.3
2,2017-01-01 07:02:25,2017-01-01 07:12:14,1,2.97,1,N,60,250,2,11.5,0,0.5,0,0,0.3,12.3
2,2017-01-01 07:00:29,2017-01-01 07:04:39,1,.69,1,N,170,170,2,5,0,0.5,0,0,0.3,5.8
1,2017-01-01 07:02:27,2017-01-01 07:09:26,1,2.60,1,N,263,170,1,9.5,0,0.5,1,0,0.3,11.3
1,2017-01-01 00:00:50,2017-01-01 00:01:31,1,.00,1,N,138,138,3,2.5,0.5,0.5,0,0,0.3,3.8
1,2017-01-01 06:58:35,2017-01-01 07:10:04,1,2.60,1,N,146,179,1,11.5,0,0.5,2.45,0,0.3,14.75
2,2017-01-01 07:01:51,2017-01-01 07:05:35,5,1.10,1,N,233,230,2,5.5,0,0.5,0,0,0.3,6.3
2,2017-01-01 07:24:49,2017-01-01 07:30:20,1,1.59,1,N,113,170,1,7.5,0,0.5,2.08,0,0.3,10.38
1,2017-01-01 07:24:24,2017-01-01 07:31:58,1,2.30,1,N,90,43,2,9,0,0.5,0,0,0.3,9.8
1,2017-01-01 07:27:39,2017-01-01 07:46:49,1,7.90,1,N,244,161,2,25.5,0,0.5,0,0,0.3,26.3
1,2017-01-01 07:12:58,2017-01-01 07:19:56,1,1.40,1,N,82,70,2,7,0,0.5,0,0,0.3,7.8
2,2017-01-01 06:53:58,2017-01-01 07:17:45,2,14.49,1,N,132,36,2,39.5,0,0.5,0,0,0.3,40.3
2,2017-01-01 07:15:35,2017-01-01 07:29:47,1,5.52,1,N,230,223,2,17.5,0,0.5,0,0,0.3,18.3
2,2017-01-01 07:24:26,2017-01-01 07:35:27,1,3.78,1,N,79,17,2,13.5,0,0.5,0,0,0.3,14.3
2,2017-01-01 07:12:01,2017-01-01 07:25:43,1,6.64,1,N,148,263,1,20.5,0,0.5,2,0,0.3,23.3
2,2017-01-01 07:26:46,2017-01-01 07:37:50,1,4.84,1,N,88,234,1,16,0,0.5,3.36,0,0.3,20.16
2,2017-01-01 00:00:51,2017-01-01 00:05:21,5,.60,1,N,170,233,1,4.5,0.5,0.5,1.16,0,0.3,6.96
1,2017-01-01 07:10:41,2017-01-01 07:17:35,1,2.80,1,N,113,237,2,9.5,0,0.5,0,0,0.3,10.3
1,2017-01-01 07:35:38,2017-01-01 07:43:51,1,2.30,1,N,107,209,1,9,0,0.5,1,0,0.3,10.8
2,2017-01-01 07:04:56,2017-01-01 07:26:00,1,5.94,1,N,68,17,2,21,0,0.5,0,0,0.3,21.8
1,2017-01-01 07:37:11,2017-01-01 07:44:50,1,1.40,1,N,209,144,2,7.5,0,0.5,0,0,0.3,8.3
2,2017-01-01 07:27:52,2017-01-01 07:35:48,1,2.15,1,N,141,142,1,8.5,0,0.5,1,0,0.3,10.3
2,2017-01-01 07:05:57,2017-01-01 07:14:43,5,1.22,1,N,68,164,1,7.5,0,0.5,0,0,0.3,8.3
2,2017-01-01 07:28:43,2017-01-01 07:41:01,1,2.73,1,N,238,74,1,12,0,0.5,2.56,0,0.3,15.36
1,2017-01-01 07:31:03,2017-01-01 07:35:50,1,1.20,1,N,230,143,1,6,0,0.5,1.02,0,0.3,7.82
2,2017-01-01 07:28:08,2017-01-01 07:32:46,4,1.06,1,N,170,186,2,5.5,0,0.5,0,0,0.3,6.3
1,2017-01-01 07:01:45,2017-01-01 07:06:54,1,1.00,1,N,68,48,1,6,0,0.5,2,0,0.3,8.8
1,2017-01-01 07:06:10,2017-01-01 07:26:11,2,8.00,1,N,229,244,2,26,0,0.5,0,0,0.3,26.8
2,2017-01-01 07:09:29,2017-01-01 07:16:31,1,1.66,1,N,239,238,1,8,0,0.5,1.76,0,0.3,10.56
2,2017-01-01 07:09:50,2017-01-01 07:15:27,1,1.43,1,N,244,116,1,7,0,0.5,1.56,0,0.3,9.36
1,2017-01-01 06:55:28,2017-01-01 07:20:13,3,19.50,2,N,132,263,2,52,0,0.5,0,5.54,0.3,58.34
1,2017-01-01 07:00:48,2017-01-01 07:02:44,1,.80,1,N,249,90,2,4.5,0,0.5,0,0,0.3,5.3
2,2017-01-01 06:58:19,2017-01-01 07:23:32,2,19.74,2,N,87,132,2,52,0,0.5,0,0,0.3,52.8
2,2017-01-01 06:53:26,2017-01-01 07:34:38,6,17.98,2,N,230,132,2,52,0,0.5,0,0,0.3,52.8
2,2017-01-01 06:56:08,2017-01-01 07:24:20,6,20.42,2,N,132,238,1,52,0,0.5,8.8,5.54,0.3,67.14
1,2017-01-01 07:22:55,2017-01-01 07:29:39,1,1.90,1,N,107,100,1,8,0,0.5,1.75,0,0.3,10.55
2,2017-01-01 07:06:23,2017-01-01 07:09:25,5,1.05,1,N,162,137,1,5,0,0.5,0,0,0.3,5.8
1,2017-01-01 07:21:27,2017-01-01 07:48:05,4,16.50,1,N,50,92,1,46,0,0.5,10.45,5.54,0.3,62.79
2,2017-01-01 06:58:40,2017-01-01 07:32:44,1,11.15,1,N,229,223,1,34.5,0,0.5,7,0,0.3,42.3
2,2017-01-01 07:11:19,2017-01-01 07:19:13,1,3.59,1,N,79,140,1,11.5,0,0.5,1.84,0,0.3,14.14
2,2017-01-01 07:11:56,2017-01-01 07:14:37,1,.46,1,N,230,162,1,4,0,0.5,0.72,0,0.3,5.52
1,2017-01-01 07:15:57,2017-01-01 07:21:13,1,1.40,1,N,230,186,1,6,0,0.5,1.35,0,0.3,8.15
2,2017-01-01 07:17:58,2017-01-01 07:30:59,1,4.43,1,N,246,263,1,15,0,0.5,3.16,0,0.3,18.96
2,2017-01-01 07:00:27,2017-01-01 07:14:09,1,4.51,1,N,164,12,1,15.5,0,0.5,1,0,0.3,17.3
2,2017-01-01 07:31:47,2017-01-01 07:34:53,2,1.19,1,N,249,186,1,5.5,0,0.5,1.89,0,0.3,8.19
1,2017-01-01 06:57:02,2017-01-01 06:57:47,1,.00,1,N,230,163,2,2.5,0,0.5,0,0,0.3,3.3
1,2017-01-01 07:08:13,2017-01-01 07:26:34,2,5.40,1,N,107,7,2,19,0,0.5,0,0,0.3,19.8
2,2017-01-01 07:29:28,2017-01-01 07:31:47,5,.74,1,N,236,236,1,4.5,0,0.5,1.06,0,0.3,6.36
2,2017-01-01 07:03:20,2017-01-01 07:30:06,3,16.69,1,N,79,55,2,46,0,0.5,0,5.54,0.3,52.34
1,2017-01-01 07:33:17,2017-01-01 07:59:27,1,16.30,1,N,229,37,1,44.5,0,0.5,8,5.54,0.3,58.84
2,2017-01-01 07:16:59,2017-01-01 07:26:55,1,4.59,1,N,90,75,1,14,0,0.5,1.78,0,0.3,16.58
2,2017-01-01 07:09:37,2017-01-01 07:32:25,1,19.63,3,N,48,1,1,69,0,0,17.28,17.1,0.3,103.68
1,2017-01-01 07:36:28,2017-01-01 07:47:49,3,5.30,1,N,114,75,2,15.5,0,0.5,0,0,0.3,16.3
2,2017-01-01 07:17:30,2017-01-01 07:35:40,1,16.40,2,N,170,132,1,52,0,0.5,11.67,5.54,0.3,70.01
1,2017-01-01 00:01:50,2017-01-01 00:23:02,1,1.10,1,N,161,186,2,13,0.5,0.5,0,0,0.3,14.3
2,2017-01-01 07:36:34,2017-01-01 07:40:25,1,.93,1,N,74,41,2,5,0,0.5,0,0,0.3,5.8
1,2017-01-01 00:00:19,2017-01-01 00:01:21,1,.10,1,N,243,243,2,3,0.5,0.5,0,0,0.3,4.3
2,2017-01-01 00:00:22,2017-01-01 00:03:15,3,.56,1,N,74,75,2,4.5,0.5,0.5,0,0,0.3,5.8
1,2017-01-01 07:27:06,2017-01-01 07:42:44,1,5.40,1,N,260,230,1,18,0,0.5,2,0,0.3,20.8
2,2017-01-01 07:10:12,2017-01-01 07:17:07,1,.61,1,N,236,75,2,6.5,0,0.5,0,0,0.3,7.3
2,2017-01-01 07:21:02,2017-01-01 07:37:50,2,8.35,1,N,42,138,2,24.5,0,0.5,0,5.54,0.3,30.84
1,2017-01-01 06:54:41,2017-01-01 06:58:24,2,.80,1,N,256,256,1,5,0,0.5,0,0,0.3,5.8
1,2017-01-01 07:38:04,2017-01-01 07:49:38,1,7.30,1,N,140,261,1,21.5,0,0.5,4.45,0,0.3,26.75
2,2017-01-01 07:00:03,2017-01-01 07:18:40,4,5.94,1,N,186,225,2,19.5,0,0.5,0,0,0.3,20.3
1,2017-01-01 07:34:24,2017-01-01 07:41:03,1,1.50,1,N,114,232,1,7,0,0.5,3.12,0,0.3,10.92
2,2017-01-01 07:32:15,2017-01-01 07:46:32,1,4.13,1,N,90,263,1,15,0,0.5,3.16,0,0.3,18.96
2,2017-01-01 07:38:09,2017-01-01 07:45:13,5,2.05,1,N,162,236,2,0,0,0,0,0,0,0
1,2017-01-01 06:57:48,2017-01-01 07:05:13,1,1.80,1,N,75,141,1,8,0,0.5,1.75,0,0.3,10.55
2,2017-01-01 07:32:32,2017-01-01 07:42:09,1,3.87,1,N,138,92,2,13,0,0.5,0,0,0.3,13.8
1,2017-01-01 07:08:21,2017-01-01 07:12:05,1,1.20,1,N,24,239,2,6,0,0.5,0,0,0.3,6.8
2,2017-01-01 06:55:14,2017-01-01 07:13:47,6,.77,1,N,7,223,2,12,0,0.5,0,0,0.3,12.8
2,2017-01-01 07:10:32,2017-01-01 07:22:49,2,4.33,1,N,164,75,2,14.5,0,0.5,0,0,0.3,15.3
1,2017-01-01 07:02:56,2017-01-01 07:12:23,1,2.00,1,N,48,137,1,9.5,0,0.5,2.05,0,0.3,12.35
2,2017-01-01 06:59:08,2017-01-01 07:03:07,1,.72,1,N,141,140,2,5,0,0.5,0,0,0.3,5.8
2,2017-01-01 06:56:54,2017-01-01 07:12:39,1,6.30,1,N,152,186,1,20.5,0,0.5,0,0,0.3,21.3
1,2017-01-01 07:11:32,2017-01-01 07:18:27,1,1.80,1,N,48,90,1,8,0,0.5,1.75,0,0.3,10.55
2,2017-01-01 06:53:45,2017-01-01 07:10:08,5,3.84,1,N,48,75,2,15,0,0.5,0,0,0.3,15.8
1,2017-01-01 07:23:39,2017-01-01 07:46:50,2,17.50,3,N,142,1,1,64,0,0,16.4,17.8,0.3,98.5
2,2017-01-01 07:10:45,2017-01-01 07:32:22,1,16.32,2,N,132,170,1,52,0,0.5,11.67,5.54,0.3,70.01
2,2017-01-01 07:29:40,2017-01-01 08:00:02,2,19.66,2,N,231,132,2,52,0,0.5,0,5.54,0.3,58.34
2,2017-01-01 07:07:57,2017-01-01 07:27:57,1,10.77,1,N,50,138,2,31.5,0,0.5,0,0,0.3,32.3
1,2017-01-01 07:02:52,2017-01-01 07:28:04,2,7.30,1,N,68,74,2,25.5,0,0.5,0,0,0.3,26.3
2,2017-01-01 07:26:12,2017-01-01 07:42:54,1,8.95,1,N,186,265,1,26,0,0.5,5,10.5,0.3,42.3
2,2017-01-01 07:25:28,2017-01-01 07:25:30,2,.00,1,N,264,234,2,2.5,0,0.5,0,0,0.3,3.3
2,2017-01-01 07:04:47,2017-01-01 07:06:57,1,.97,1,N,90,186,1,4.5,0,0.5,1.32,0,0.3,6.62
2,2017-01-01 07:26:53,2017-01-01 07:41:52,1,6.15,1,N,41,79,1,19,0,0.5,1,0,0.3,20.8
2,2017-01-01 00:01:53,2017-01-01 00:31:01,6,7.51,1,N,137,160,1,25.5,0.5,0.5,8.04,0,0.3,34.84
1,2017-01-01 07:25:30,2017-01-01 07:35:17,1,2.30,1,N,75,41,2,8,0,0.5,0,0,0.3,8.8
2,2017-01-01 06:59:40,2017-01-01 07:18:53,1,12.14,1,N,164,138,2,33.5,0,0.5,0,5.54,0.3,39.84
1,2017-01-01 07:22:42,2017-01-01 07:32:13,2,6.40,1,N,53,83,2,19,0,0.5,0,0,0.3,19.8
2,2017-01-01 07:17:17,2017-01-01 07:28:55,1,2.88,1,N,142,236,2,11.5,0,0.5,0,0,0.3,12.3
1,2017-01-01 07:09:59,2017-01-01 07:20:45,1,4.00,1,N,148,263,1,13,0,0.5,2,0,0.3,15.8
2,2017-01-01 07:16:31,2017-01-01 07:24:16,2,1.31,1,N,79,211,2,7.5,0,0.5,0,0,0.3,8.3
2,2017-01-01 07:23:02,2017-01-01 07:34:40,1,2.25,1,N,151,74,2,10.5,0,0.5,0,0,0.3,11.3
2,2017-01-01 07:37:49,2017-01-01 07:40:51,2,.62,1,N,48,230,2,4.5,0,0.5,0,0,0.3,5.3
1,2017-01-01 07:07:43,2017-01-01 07:13:50,2,1.70,1,N,224,162,1,7,0,0.5,2,0,0.3,9.8
2,2017-01-01 06:57:20,2017-01-01 07:14:19,4,6.02,1,N,162,80,2,19.5,0,0.5,0,0,0.3,20.3
1,2017-01-01 07:10:48,2017-01-01 07:18:07,1,1.80,1,N,28,130,2,8,0,0.5,0,0,0.3,8.8
1,2017-01-01 07:09:11,2017-01-01 07:13:37,1,1.10,1,N,137,170,2,5.5,0,0.5,0,0,0.3,6.3
2,2017-01-01 07:34:32,2017-01-01 07:57:51,2,17.25,2,N,186,132,1,52,0,0.5,11.67,5.54,0.3,70.01
1,2017-01-01 07:20:20,2017-01-01 07:34:29,2,4.30,1,N,4,33,2,15.5,0,0.5,0,0,0.3,16.3
2,2017-01-01 07:32:32,2017-01-01 07:42:09,1,3.87,1,N,138,92,2,13,0,0.5,0,0,0.3,13.8
2,2017-01-01 07:01:09,2017-01-01 07:21:03,6,7.88,1,N,151,78,2,25,0,0.5,0,0,0.3,25.8
1,2017-01-01 07:22:30,2017-01-01 07:29:04,3,1.40,1,N,48,90,1,7,0,0.5,1.55,0,0.3,9.35
2,2017-01-01 07:06:41,2017-01-01 07:12:43,1,1.01,1,N,186,90,2,6.5,0,0.5,0,0,0.3,7.3
1,2017-01-01 07:05:46,2017-01-01 07:17:26,1,4.00,1,N,68,141,1,13.5,0,0.5,2.85,0,0.3,17.15
1,2017-01-01 07:12:37,2017-01-01 07:19:10,1,1.90,1,N,234,48,2,8,0,0.5,0,0,0.3,8.8
1,2017-01-01 06:59:51,2017-01-01 07:14:45,1,4.00,1,N,249,140,2,15,0,0.5,0,0,0.3,15.8
2,2017-01-01 07:35:26,2017-01-01 07:41:38,1,1.76,1,N,116,166,1,8,0,0.5,1.76,0,0.3,10.56
2,2017-01-01 07:00:34,2017-01-01 07:08:54,2,2.50,1,N,100,43,1,10,0,0.5,0,0,0.3,10.8
1,2017-01-01 07:17:51,2017-01-01 07:21:57,1,1.00,1,N,262,263,1,5.5,0,0.5,0.95,0,0.3,7.25
1,2017-01-01 07:32:31,2017-01-01 07:41:38,1,2.20,1,N,7,129,2,9.5,0,0.5,0,0,0.3,10.3
1,2017-01-01 06:58:20,2017-01-01 07:19:14,1,6.20,1,N,129,48,2,21,0,0.5,0,0,0.3,21.8
1,2017-01-01 07:17:13,2017-01-01 07:39:58,4,15.80,1,N,261,138,2,42,0,0.5,0,5.54,0.3,48.34
2,2017-01-01 07:22:54,2017-01-01 07:51:54,3,7.81,1,N,161,80,2,28.5,0,0.5,0,0,0.3,29.3
2,2017-01-01 06:53:23,2017-01-01 07:09:47,3,8.07,1,N,226,231,1,24.5,0,0.5,5.06,0,0.3,30.36
1,2017-01-01 07:21:27,2017-01-01 07:48:05,4,16.50,1,N,50,92,1,46,0,0.5,10.45,5.54,0.3,62.79
VTS,2014-05-21 10:34:00,2014-05-21 10:43:00,1,0.39000000000000001,-73.981301999999999,40.759010000000004,1,,-73.975395000000006,40.756570000000004,CSH,6.5,0,0.5,0,0,7
CMT,2014-05-16 20:02:29,2014-05-16 20:04:08,1,0.20000000000000001,-73.995144999999994,40.732028999999997,1,Y,-73.991217000000006,40.730122000000001,CRD,3,0.5,0.5,0.80000000000000004,0,4.7999999999999998
VTS,2014-05-11 09:55:00,2014-05-11 10:10:00,1,2.73,-73.986705000000001,40.734136999999997,1,,-73.99051,40.756365000000002,CSH,12.5,0,0.5,0,0,13
VTS,2014-05-03 21:12:00,2014-05-03 21:17:00,1,0.81000000000000005,-73.966755000000006,40.760751999999997,1,,-73.966755000000006,40.760751999999997,CRD,5.5,0.5,0.5,1.2,0,7.7000000000000002
CMT,2014-05-05 15:50:01,2014-05-05 15:55:04,1,0.69999999999999996,-73.981956999999994,40.780011999999999,1,N,-73.990316000000007,40.775517999999998,CRD,5,0,0.5,1,0,6.5
VTS,2014-05-29 07:29:00,2014-05-29 07:47:00,1,3.6699999999999999,-73.954791999999998,40.786436999999999,1,,-73.989838000000006,40.744877000000002,CRD,14.5,0,0.5,2.8999999999999999,0,17.899999999999999
CMT,2014-05-01 11:34:23,2014-05-01 11:53:30,1,2.6000000000000001,-74.006853000000007,40.751275999999997,1,N,-73.973625999999996,40.762757999999998,CRD,14,0,0.5,2.8999999999999999,0,17.399999999999999
VTS,2014-05-07 20:20:00,2014-05-07 20:32:00,1,2.3599999999999999,-73.973787999999999,40.754292,1,,-73.949844999999996,40.772162000000002,CSH,10.5,0.5,0.5,0,0,11.5
VTS,2014-05-03 13:05:00,2014-05-03 13:18:00,1,3.0600000000000001,-73.970787000000001,40.764302000000001,1,,-73.959512000000004,40.804836999999999,CSH,12.5,0,0.5,0,0,13
CMT,2014-05-31 20:56:11,2014-05-31 21:18:23,1,1.2,-73.987302,40.722396000000003,1,N,-74.000308000000004,40.719897000000003,CSH,13.5,0.5,0.5,0,0,14.5
CMT,2014-05-19 23:33:48,2014-05-19 23:48:30,2,3.7999999999999998,-73.986536000000001,40.722062999999999,1,N,-73.983354000000006,40.677179000000002,CRD,15,0.5,0.5,3.2000000000000002,0,19.199999999999999
CMT,2014-05-01 19:44:18,2014-05-01 20:17:30,1,4.5999999999999996,-73.961675,40.764136999999998,1,N,-74.007779999999997,40.740993000000003,CRD,24,1,0.5,3,0,28.5
CMT,2014-05-03 12:01:40,2014-05-03 12:04:31,1,0.59999999999999998,-73.991006999999996,40.765675000000002,1,N,-73.985184000000004,40.773868,CRD,4,0,0.5,1.1000000000000001,0,5.5999999999999996
CMT,2014-05-16 02:20:23,2014-05-16 02:28:00,1,1.6000000000000001,-73.993178999999998,40.734898999999999,1,N,-73.977125999999998,40.743178,CRD,8,0.5,0.5,1,0,10
VTS,2014-05-14 22:56:00,2014-05-14 23:04:00,2,1.5600000000000001,-73.969418000000005,40.757556999999998,1,,-73.952991999999995,40.772722000000002,CSH,7.5,0.5,0.5,0,0,8.5
VTS,2014-05-16 21:56:00,2014-05-16 22:01:00,3,0.81999999999999995,-73.952529999999996,40.776699999999998,1,,-73.963282000000007,40.775170000000003,CRD,5,0.5,0.5,1.1000000000000001,0,7.0999999999999996
CMT,2014-05-25 10:32:16,2014-05-25 11:03:26,1,12.699999999999999,-73.783959999999993,40.645059000000003,1,N,-73.971536999999998,40.674287,CSH,38,0,0.5,0,0,38.5
CMT,2014-05-20 20:59:55,2014-05-20 21:09:49,1,1.7,-73.992936999999998,40.73554,1,N,-73.971913000000001,40.745764000000001,CSH,8.5,0.5,0.5,0,0,9.5
CMT,2014-05-01 11:56:01,2014-05-01 12:15:26,1,2.1000000000000001,-73.993617,40.731164999999997,1,N,-73.999114000000006,40.749730999999997,CRD,13.5,0,0.5,2.7999999999999998,0,16.800000000000001
VTS,2014-05-14 11:48:00,2014-05-14 11:53:00,5,0.69999999999999996,-73.974711999999997,40.751122000000002,1,,-73.968384999999998,40.759267000000001,CRD,5,0,0.5,1,0,6.5
VTS,2014-05-01 18:55:00,2014-05-01 19:19:00,1,1.51,-73.986632999999998,40.740322999999997,1,,-74.008179999999996,40.748682000000002,CRD,15,1,0.5,3.2000000000000002,0,19.699999999999999
VTS,2014-05-06 12:52:00,2014-05-06 12:59:00,6,0.90000000000000002,-73.979619999999997,40.754624999999997,1,,-73.987652999999995,40.743855000000003,CRD,6,0,0.5,1.2,0,7.7000000000000002
CMT,2014-05-26 18:26:28,2014-05-26 18:40:56,1,4.0999999999999996,-73.986048999999994,40.740867999999999,1,N,-73.948099999999997,40.780642,CRD,15,0,0.5,2,0,17.5
CMT,2014-05-17 00:35:07,2014-05-17 00:37:48,1,0.10000000000000001,-73.989772000000002,40.729551999999998,1,N,-73.989886999999996,40.731077999999997,CSH,3.5,0.5,0.5,0,0,4.5
CMT,2014-05-14 16:09:03,2014-05-14 16:21:44,1,0.80000000000000004,-73.961310999999995,40.771414999999998,1,N,-73.969508000000005,40.760384999999999,CSH,9,1,0.5,0,0,10.5
CMT,2014-05-22 07:20:00,2014-05-22 07:42:48,1,3.3999999999999999,-73.952037000000004,40.773409999999998,1,N,-73.991760999999997,40.751797000000003,CRD,17,0,0.5,3.5,0,21
CMT,2014-05-19 23:02:46,2014-05-19 23:06:38,1,0.90000000000000002,-73.987302999999997,40.718791000000003,1,N,-73.988524999999996,40.727511,CRD,5,0.5,0.5,1.8,0,7.7999999999999998
CMT,2014-05-13 21:36:45,2014-05-13 21:43:43,1,1.6000000000000001,-74.003680000000003,40.722410000000004,1,N,-73.984039999999993,40.729346999999997,CRD,7.5,0.5,0.5,1.7,0,10.199999999999999
VTS,2014-05-05 18:12:00,2014-05-05 18:14:00,5,0.40000000000000002,-73.985669999999999,40.752305,1,,-73.982572000000005,40.756815000000003,CRD,4,1,0.5,1,0,6.5
VTS,2014-05-05 22:41:00,2014-05-05 22:42:00,5,0.23000000000000001,-73.965164999999999,40.684922,1,,-73.962086999999997,40.684767000000001,CRD,3,0.5,0.5,1.05,0,5.0499999999999998
CMT,2014-05-16 13:01:56,2014-05-16 13:11:18,1,1.2,-73.981341999999998,40.779127000000003,1,N,-73.986525999999998,40.771802000000001,CSH,7.5,0,0.5,0,0,8
VTS,2014-05-27 12:40:00,2014-05-27 13:02:00,6,7.5199999999999996,-73.994517000000002,40.719217,1,,-74.020139999999998,40.647292,CRD,23,0,0.5,6.9000000000000004,0,30.399999999999999
VTS,2014-05-09 06:37:00,2014-05-09 06:45:00,6,2.1899999999999999,-73.980102000000002,40.743026999999998,1,,-73.978836999999999,40.765031999999998,CRD,9,0,0.5,1,0,10.5
1,2017-01-01 15:05:35,2017-01-01 15:27:41,N,1,260,83,1,3.80,17,0,0.5,0,0,,0.3,17.8,2,1
2,2017-01-10 19:49:17,2017-01-10 19:54:10,N,1,41,74,1,.80,5.5,1,0.5,0,0,,0.3,7.3,2,1
2,2017-01-27 19:06:11,2017-01-27 19:19:35,N,1,97,188,2,2.38,11,1,0.5,0,0,,0.3,12.8,2,1
2,2017-01-19 18:28:53,2017-01-19 18:36:41,N,1,7,7,1,1.05,6.5,1,0.5,0,0,,0.3,8.3,2,1
2,2017-01-20 16:30:29,2017-01-20 16:37:28,N,1,75,74,2,1.25,6.5,1,0.5,2.08,0,,0.3,10.38,1,1
1,2017-01-27 20:29:16,2017-01-27 20:37:05,N,1,181,181,1,1.10,7,0.5,0.5,2.05,0,,0.3,10.35,1,1
2,2017-01-21 22:55:06,2017-01-21 23:07:25,N,1,92,121,1,2.59,11.5,0.5,0.5,0,0,,0.3,12.8,2,1
2,2017-01-10 20:57:54,2017-01-10 21:03:06,N,1,95,95,1,.82,5.5,0.5,0.5,1.36,0,,0.3,8.16,1,1
2,2017-01-25 15:48:24,2017-01-25 15:53:18,N,1,41,42,1,.69,5,0,0.5,0,0,,0.3,5.8,2,1
2,2017-01-18 20:09:20,2017-01-18 20:26:06,N,1,158,224,5,2.34,12.5,0.5,0.5,1.7,0,,0.3,15.5,1,1
2,2017-01-02 14:12:58,2017-01-02 14:29:08,N,1,74,116,1,2.73,12.5,0,0.5,0,0,,0.3,13.3,2,1
2,2017-01-16 19:58:25,2017-01-16 20:17:25,N,1,97,227,3,3.91,16,0,0.5,2.22,0,,0.3,19.02,1,1
1,2017-01-12 15:57:12,2017-01-12 16:02:09,N,1,97,97,3,.70,5,1,0.5,0,0,,0.3,6.8,2,1
2,2017-01-02 07:30:13,2017-01-02 07:35:12,N,1,41,74,1,.69,5.5,0,0.5,0,0,,0.3,6.3,2,1
1,2017-01-15 13:49:53,2017-01-15 13:59:04,N,1,130,28,1,1.60,8,0,0.5,2.5,0,,0.3,11.3,1,1
2,2017-01-14 17:06:22,2017-01-14 17:23:08,N,1,75,75,1,2.91,13,0,0.5,0,0,,0.3,13.8,2,1
2,2017-01-06 12:39:31,2017-01-06 12:44:05,N,1,223,223,1,.69,5,0,0.5,1.16,0,,0.3,6.96,1,1
1,2017-01-11 23:42:50,2017-01-11 23:51:34,N,1,61,17,1,1.90,8.5,0.5,0.5,0,0,,0.3,9.8,2,1
2,2017-01-25 16:47:39,2017-01-25 16:54:41,N,1,75,238,1,1.05,7,1,0.5,1.2,0,,0.3,10,1,1
2,2017-01-11 11:07:35,2017-01-11 11:15:18,N,1,188,71,1,1.51,7.5,0,0.5,0,0,,0.3,8.3,2,1
2,2017-01-20 09:13:29,2017-01-20 09:40:29,N,1,255,88,2,5.45,21.5,0,0.5,4.46,0,,0.3,28.71,1,1
2,2017-01-26 01:56:47,2017-01-26 02:10:53,N,1,36,97,2,3.84,14,0.5,0.5,3.82,0,,0.3,19.12,1,1
2,2017-01-19 09:18:26,2017-01-19 09:35:27,N,1,196,226,2,4.92,18,0,0.5,3.76,0,,0.3,22.56,1,1
1,2017-01-16 18:48:48,2017-01-16 18:59:02,N,1,260,129,1,1.60,8.5,1,0.5,0,0,,0.3,10.3,2,1
2,2017-01-31 11:11:17,2017-01-31 11:15:00,N,1,166,152,1,.50,4.5,0,0.5,0,0,,0.3,5.3,2,1
2,2017-01-02 18:55:39,2017-01-02 19:11:30,N,1,33,61,1,3.67,14.5,1,0.5,0,0,,0.3,16.3,2,1
2,2017-01-21 19:00:53,2017-01-21 19:07:23,N,1,42,116,1,1.28,6.5,0,0.5,0,0,,0.3,7.3,2,1
1,2017-01-28 19:54:40,2017-01-28 19:57:44,N,1,166,238,1,.70,4.5,0,0.5,1,0,,0.3,6.3,1,1
2,2017-01-18 03:44:56,2017-01-18 03:52:33,N,1,95,121,1,2.65,9.5,0.5,0.5,2.7,0,,0.3,13.5,1,1
2,2017-01-09 11:04:50,2017-01-09 11:15:43,N,1,33,195,1,2.09,9.5,0,0.5,0,0,,0.3,10.3,2,1
2,2017-01-16 16:24:13,2017-01-16 16:31:11,N,1,33,97,1,1.03,6.5,0,0.5,1.46,0,,0.3,8.76,1,1
1,2017-01-30 12:38:58,2017-01-30 12:44:28,N,1,74,74,1,.70,5.5,0,0.5,1.25,0,,0.3,7.55,1,1
2,2017-01-10 21:56:28,2017-01-10 22:00:45,N,1,7,260,1,.80,5,0.5,0.5,1.5,0,,0.3,7.8,1,1
2,2017-01-28 14:07:01,2017-01-28 14:22:06,N,1,92,135,1,3.13,13,0,0.5,0,0,,0.3,13.8,2,1
1,2017-01-03 11:33:41,2017-01-03 11:46:47,N,1,25,89,1,4.20,14,0,0.5,0,0,,0.3,14.8,2,1
2,2017-01-04 17:51:28,2017-01-04 17:57:39,N,1,97,97,1,.87,5.5,1,0.5,1.82,0,,0.3,9.12,1,1
2,2017-01-13 10:10:06,2017-01-13 10:15:00,N,1,41,75,1,1.10,6,0,0.5,0,0,,0.3,6.8,2,1
2,2017-01-11 03:58:22,2017-01-11 04:14:59,N,1,65,91,1,5.14,17.5,0.5,0.5,0,0,,0.3,18.8,2,1
2,2017-01-19 09:57:55,2017-01-19 10:00:50,N,1,116,116,1,.40,4,0,0.5,0,0,,0.3,4.8,2,1
2,2017-01-21 22:03:05,2017-01-21 22:08:36,N,1,82,83,1,1.31,6,0.5,0.5,0,0,,0.3,7.3,2,1
1,2017-01-13 17:39:49,2017-01-13 18:21:48,N,1,129,79,1,7.50,29.5,1,0.5,5,0,,0.3,36.3,1,1
2,2017-01-12 16:12:05,2017-01-12 16:15:35,N,1,145,145,2,.90,5,1,0.5,1,0,,0.3,7.8,1,1
2,2017-01-23 11:34:51,2017-01-23 12:04:56,N,1,223,74,1,8.10,28,0,0.5,0,0,,0.3,28.8,2,1
2,2017-01-25 20:58:58,2017-01-25 21:12:16,N,1,244,239,1,5.44,17.5,0.5,0.5,3.76,0,,0.3,22.56,1,1
2,2017-01-16 15:53:22,2017-01-16 16:07:06,N,1,74,166,1,2.24,11,0,0.5,2.36,0,,0.3,14.16,1,1
2,2017-01-27 13:47:39,2017-01-27 14:44:15,N,1,37,246,1,7.37,38,0,0.5,0,0,,0.3,38.8,2,1
1,2017-01-17 19:22:18,2017-01-17 19:32:50,N,1,126,248,1,1.30,8.5,0.5,0.5,0,0,,0.3,9.8,2,1
2,2017-01-06 18:47:50,2017-01-06 19:00:25,N,1,75,262,1,1.81,10,1,0.5,0,0,,0.3,11.8,2,1
2,2017-01-11 07:36:39,2017-01-11 07:40:12,N,1,193,193,1,.57,4.5,0,0.5,0,0,,0.3,5.3,1,1
2,2017-01-30 15:03:57,2017-01-30 15:32:04,N,1,166,249,1,6.39,24.5,0,0.5,5.06,0,,0.3,30.36,1,1
2,2017-01-12 21:53:33,2017-01-12 22:01:37,N,1,134,216,1,3.49,11.5,0.5,0.5,2.56,0,,0.3,15.36,1,1
2,2017-01-09 12:12:04,2017-01-09 12:21:02,N,1,82,83,1,1.42,8,0,0.5,0,0,,0.3,8.8,2,1
2,2017-01-28 19:07:22,2017-01-28 19:10:19,N,1,80,80,1,.75,4.5,0,0.5,1,0,,0.3,6.3,1,1
2,2017-01-14 02:23:54,2017-01-14 02:28:29,N,1,226,260,1,.76,5,0.5,0.5,1.89,0,,0.3,8.19,1,1
1,2017-01-04 16:39:49,2017-01-04 17:19:29,N,1,25,72,1,5.10,26,1,0.5,0,0,,0.3,27.8,4,1
2,2017-01-31 09:42:48,2017-01-31 09:53:43,N,1,74,75,5,1.39,8.5,0,0.5,0,0,,0.3,9.3,2,1
1,2017-01-13 01:11:49,2017-01-13 01:15:26,N,1,223,223,1,1.00,5,0.5,0.5,0,0,,0.3,6.3,2,1
2,2017-01-22 02:36:16,2017-01-22 02:49:24,N,1,260,226,1,3.12,12,0.5,0.5,0,0,,0.3,13.3,2,1
1,2017-01-12 01:39:53,2017-01-12 01:45:13,N,1,169,182,1,2.60,9,0.5,0.5,2.05,0,,0.3,12.35,1,1
1,2017-01-06 08:05:16,2017-01-06 08:08:37,N,1,223,223,2,.80,4.5,0,0.5,0,0,,0.3,5.3,2,1
2,2017-01-24 15:38:59,2017-01-24 15:50:04,N,1,166,239,1,1.64,9,0,0.5,0,0,,0.3,9.8,2,1
2,2017-01-13 14:22:35,2017-01-13 14:26:38,N,1,52,52,1,.61,4.5,0,0.5,1.32,0,,0.3,6.62,1,1
2,2017-01-01 19:56:54,2017-01-01 20:11:25,N,1,82,82,1,1.37,10,0.5,0.5,0,0,,0.3,11.3,2,1
2,2017-01-07 10:57:29,2017-01-07 11:06:50,N,1,181,25,1,1.40,7.5,0,0.5,0,0,,0.3,8.3,2,1
1,2017-01-18 07:53:26,2017-01-18 08:28:12,N,1,75,137,1,4.60,23.5,0,0.5,0,0,,0.3,24.3,2,1
2,2017-01-24 10:01:59,2017-01-24 10:35:15,N,1,74,163,1,4.09,21.5,0,0.5,0,0,,0.3,22.3,1,1
2,2017-01-15 03:44:54,2017-01-15 03:53:41,N,1,7,202,1,2.09,9,0.5,0.5,2,0,,0.3,12.3,1,1
2,2017-01-01 20:47:52,2017-01-01 20:59:34,N,1,181,61,1,2.44,10.5,0.5,0.5,0,0,,0.3,11.8,2,1
1,2017-01-25 13:31:50,2017-01-25 14:08:15,N,1,82,232,1,8.60,32,0,0.5,0,0,,0.3,32.8,2,1
2,2017-01-19 20:42:04,2017-01-19 20:58:58,N,1,25,140,1,8.15,23.5,0.5,0.5,3,0,,0.3,27.8,1,1
2,2017-01-29 22:22:22,2017-01-29 22:24:15,N,1,82,82,1,.40,3.5,0.5,0.5,0,0,,0.3,4.8,2,1
2,2017-01-29 05:57:01,2017-01-29 05:59:07,N,1,255,255,6,.44,3.5,0.5,0.5,0,0,,0.3,4.8,1,1
1,2017-01-02 19:24:19,2017-01-02 19:24:21,N,1,166,166,1,.30,2.5,1,0.5,0,0,,0.3,4.3,3,1
2,2017-01-26 19:16:28,2017-01-26 19:37:04,N,1,66,61,1,3.47,15.5,1,0.5,3.46,0,,0.3,20.76,1,1
2,2017-01-26 15:02:03,2017-01-26 15:04:19,N,1,75,75,2,.39,3.5,0,0.5,0,0,,0.3,4.3,2,1
2,2017-01-17 17:42:18,2017-01-17 17:49:31,N,1,166,41,1,1.00,6.5,1,0.5,1,0,,0.3,9.3,1,1
2,2017-01-23 15:37:45,2017-01-23 15:48:32,N,5,182,78,3,1.84,10,0,0,0,0,,0,10,2,2
1,2017-01-31 00:31:07,2017-01-31 00:37:37,N,1,61,71,1,1.40,7,0.5,0.5,1.65,0,,0.3,9.95,1,1
1,2017-01-14 11:33:45,2017-01-14 11:43:34,N,1,256,112,1,1.40,8,0,0.5,1.75,0,,0.3,10.55,1,1
2,2017-01-13 17:57:50,2017-01-13 18:06:08,N,1,7,7,1,1.20,7.5,1,0.5,0,0,,0.3,9.3,2,1
2,2017-01-09 18:51:11,2017-01-09 19:20:38,N,1,196,102,5,1.96,17.5,1,0.5,0,0,,0.3,19.3,2,1
2,2017-01-28 02:42:56,2017-01-28 02:47:23,N,1,97,97,1,1.02,5.5,0.5,0.5,0,0,,0.3,6.8,2,1
2,2017-01-08 11:08:45,2017-01-08 11:12:59,N,1,189,97,1,.67,5,0,0.5,0,0,,0.3,5.8,2,1
2,2017-01-16 22:53:30,2017-01-16 22:59:04,N,1,74,42,1,.71,5.5,0.5,0.5,0,0,,0.3,6.8,2,1
2,2017-01-02 17:49:08,2017-01-02 18:08:49,N,1,189,123,1,5.27,18,0,0.5,0,0,,0.3,18.8,2,1
2,2017-01-03 18:26:14,2017-01-03 18:32:54,N,1,66,33,1,.72,6,1,0.5,0,0,,0.3,7.8,2,1
2,2017-01-04 19:50:21,2017-01-04 19:57:36,N,1,7,223,1,1.15,6.5,1,0.5,0,0,,0.3,8.3,2,1
2,2017-01-07 23:09:22,2017-01-07 23:18:17,N,1,130,215,1,1.73,8.5,0.5,0.5,2.94,0,,0.3,12.74,1,1
2,2017-01-30 12:48:11,2017-01-30 12:53:07,N,1,152,166,1,1.12,6,0,0.5,0,0,,0.3,6.8,2,1
2,2017-01-06 15:50:46,2017-01-06 15:52:16,N,1,226,226,1,.05,2.5,0,0.5,0,0,,0.3,3.3,2,1
2,2017-01-13 21:00:31,2017-01-13 21:15:20,N,1,260,92,1,6.16,19.5,0.5,0.5,4.16,0,,0.3,24.96,1,1
2,2017-01-03 10:28:07,2017-01-03 10:32:55,N,1,61,35,1,.82,5.5,0,0.5,0,0,,0.3,6.3,2,1
2,2017-01-24 16:52:21,2017-01-24 16:57:14,N,1,145,145,1,.61,4.5,1,0.5,0,0,,0.3,6.3,2,1
2,2017-01-27 18:31:23,2017-01-27 18:42:47,N,1,260,157,1,1.82,9.5,1,0.5,2.82,0,,0.3,14.12,1,1
2,2017-01-15 08:44:36,2017-01-15 09:06:04,N,1,42,186,1,7.56,24,0,0.5,3,0,,0.3,27.8,1,1
2,2017-01-28 12:40:01,2017-01-28 12:47:08,N,1,49,17,1,1.31,7,0,0.5,0,0,,0.3,7.8,2,1
2,2017-01-13 13:01:13,2017-01-13 13:14:27,N,1,42,247,1,2.52,12,0,0.5,0,0,,0.3,12.8,2,1
2,2017-01-03 19:52:48,2017-01-03 20:22:40,N,1,75,65,2,10.11,31.5,1,0.5,4,0,,0.3,37.3,1,1
2,2017-01-23 19:10:27,2017-01-23 19:41:24,N,1,65,50,2,7.40,27,1,0.5,0,0,,0.3,28.8,2,1
2,2017-01-10 15:20:27,2017-01-10 16:12:56,N,1,181,132,6,11.22,40,0,0.5,8.16,0,,0.3,50.91,1,1
2,2017-01-29 16:03:08,2017-01-29 16:05:53,N,1,256,256,5,.16,3.5,0,0.5,0,0,,0.3,4.3,2,1
2,2017-01-20 21:30:43,2017-01-20 21:45:30,N,1,181,227,1,2.91,12.5,0.5,0.5,0,0,,0.3,13.8,2,1
2,2017-01-26 20:04:47,2017-01-26 20:15:47,N,1,95,134,1,2.12,9.5,0.5,0.5,0,0,,0.3,10.8,2,1
2,2017-01-15 00:59:52,2017-01-15 01:05:07,N,1,255,112,1,.88,5.5,0.5,0.5,1.36,0,,0.3,8.16,1,1
2,2017-01-14 18:29:06,2017-01-14 18:43:11,N,1,74,151,6,1.80,10.5,0,0.5,1.7,0,,0.3,13,1,1
1,2017-01-07 23:16:05,2017-01-07 23:31:13,N,1,196,80,1,5.50,17,0.5,0.5,0,0,,0.3,18.3,2,1
1,2017-01-01 00:51:52,2017-01-01 01:11:28,N,1,42,229,1,5.60,19.5,0.5,0.5,4.15,0,,0.3,24.95,1,1
2,2017-01-16 11:23:31,2017-01-16 11:38:55,N,1,181,227,5,3.17,13,0,0.5,0,0,,0.3,13.8,2,1
2,2017-01-25 17:58:06,2017-01-25 18:02:40,N,1,65,25,1,.54,5,1,0.5,0,0,,0.3,6.8,2,1
2,2017-01-04 16:27:21,2017-01-04 16:43:34,N,1,223,146,2,2.49,12.5,1,0.5,2.86,0,,0.3,17.16,1,1
2,2017-01-15 12:31:28,2017-01-15 12:38:39,N,1,75,74,1,1.57,7.5,0,0.5,1,0,,0.3,9.3,1,1
2,2017-01-13 23:22:30,2017-01-13 23:30:37,N,1,75,151,1,1.30,8,0.5,0.5,1.86,0,,0.3,11.16,1,1
2,2017-01-20 12:59:46,2017-01-20 13:22:19,N,1,116,162,1,7.21,23,0,0.5,0,0,,0.3,23.8,2,1
2,2017-01-05 12:18:32,2017-01-05 12:30:16,N,1,168,167,1,1.62,9.5,0,0.5,0,0,,0.3,10.3,2,1
2,2017-01-06 16:53:39,2017-01-06 17:04:07,N,1,43,236,1,1.34,8.5,1,0.5,2.06,0,,0.3,12.36,1,1
2,2017-01-22 06:30:59,2017-01-22 06:48:53,N,1,181,61,1,3.57,15,0,0.5,3.16,0,,0.3,18.96,1,1
1,2017-01-27 15:12:49,2017-01-27 15:23:42,N,1,225,61,1,1.60,9,0,0.5,0,0,,0.3,9.8,1,1
2,2017-01-28 15:02:49,2017-01-28 15:09:39,N,1,7,129,1,1.66,7.5,0,0.5,0,0,,0.3,8.3,2,1
2,2017-01-02 15:01:18,2017-01-02 15:06:37,N,1,42,159,1,.86,5.5,0,0.5,0,0,,0.3,6.3,2,1
1,2017-01-05 22:15:41,2017-01-05 22:23:34,N,1,223,7,1,1.30,7.5,0.5,0.5,1.75,0,,0.3,10.55,1,1
2,2017-01-13 20:52:13,2017-01-13 20:58:35,N,1,37,198,1,1.69,7.5,0.5,0.5,0,0,,0.3,8.8,2,1
2,2017-01-12 15:57:00,2017-01-12 16:16:44,N,1,17,256,1,2.03,13,0,0.5,2.76,0,,0.3,16.56,1,1
1,2017-01-13 23:07:50,2017-01-13 23:16:03,N,1,226,129,1,2.20,9,0.5,0.5,0,0,,0.3,10.3,2,1
2,2017-01-06 12:08:22,2017-01-06 12:31:34,N,1,28,107,1,12.43,35,0,0.5,0,5.54,,0.3,41.34,2,1
2,2017-01-21 20:30:04,2017-01-21 20:35:29,N,1,226,7,1,.93,6,0.5,0.5,0,0,,0.3,7.3,2,1
1,2017-01-03 20:10:01,2017-01-03 20:19:17,N,1,33,45,1,2.20,9.5,0.5,0.5,0,0,,0.3,10.8,2,1
2,2017-01-06 20:01:32,2017-01-06 20:09:06,N,1,74,42,1,1.55,7.5,0.5,0.5,1,0,,0.3,9.8,1,1
2,2017-01-31 18:10:16,2017-01-31 18:14:18,N,1,75,74,1,1.36,6,1,0.5,1,0,,0.3,8.8,1,1
2,2017-01-29 05:01:27,2017-01-29 05:18:17,N,1,80,57,1,6.86,22,0.5,0.5,0,0,,0.3,23.3,2,1
1,2017-01-28 19:22:05,2017-01-28 19:26:08,N,1,189,181,1,.80,5,0,0.5,0,0,,0.3,5.8,2,1
2,2017-01-21 19:55:35,2017-01-21 20:05:36,N,1,181,257,1,1.63,8.5,0,0.5,2.32,0,,0.3,11.62,1,1
1,2017-01-29 18:51:55,2017-01-29 19:05:06,N,1,41,126,1,4.90,16,1,0.5,0,0,,0.3,17.8,4,1
2,2017-01-01 07:14:54,2017-01-01 07:30:21,1,3.42,1,N,226,129,2,14.5,0,0.5,0,0,0.3,15.3
2,2017-01-01 07:23:18,2017-01-01 07:32:31,6,3.74,1,N,74,162,2,12,0,0.5,0,0,0.3,12.8
2,2017-01-01 07:05:12,2017-01-01 07:09:40,1,1.45,1,N,236,140,2,6.5,0,0.5,0,0,0.3,7.3
1,2017-01-01 06:54:04,2017-01-01 07:21:20,1,20.20,2,N,132,141,1,52,0,0.5,11.65,5.54,0.3,69.99
1,2017-01-01 07:27:11,2017-01-01 07:33:52,1,2.40,1,N,249,50,2,9,0,0.5,0,0,0.3,9.8
1,2017-01-01 07:11:52,2017-01-01 07:39:00,1,11.60,1,N,132,188,1,35,0,0.5,7.15,0,0.3,42.95
1,2017-01-01 07:20:13,2017-01-01 07:21:53,1,.50,1,N,141,262,1,3.5,0,0.5,0,0,0.3,4.3
1,2017-01-01 07:20:07,2017-01-01 07:29:02,1,3.80,1,N,65,137,2,12,0,0.5,0,0,0.3,12.8
1,2017-01-01 07:29:46,2017-01-01 08:02:12,1,14.20,1,N,170,21,2,42.5,0,0.5,0,0,0.3,43.3
2,2017-01-01 07:32:55,2017-01-01 07:57:46,1,6.67,1,N,231,198,1,23.5,0,0.5,4.86,0,0.3,29.16
2,2017-01-01 07:16:59,2017-01-01 07:26:55,1,4.59,1,N,90,75,1,14,0,0.5,1.78,0,0.3,16.58
1,2017-01-01 06:59:09,2017-01-01 07:03:02,1,.70,1,N,239,238,1,5,0,0.5,1.15,0,0.3,6.95
1,2017-01-01 06:56:37,2017-01-01 07:22:03,3,18.40,2,N,132,41,2,52,0,0.5,0,5.54,0.3,58.34
1,2017-01-01 06:56:51,2017-01-01 06:59:28,1,.80,1,N,186,234,1,4.5,0,0.5,1.3,0,0.3,6.6
2,2017-01-01 07:09:47,2017-01-01 07:15:10,2,1.18,1,N,43,263,2,6.5,0,0.5,0,0,0.3,7.3
1,2017-01-01 07:37:54,2017-01-01 07:41:10,1,.80,1,N,264,264,2,5,0,0.5,0,0,0.3,5.8
2,2017-01-01 07:24:52,2017-01-01 07:45:18,1,11.80,1,N,100,138,2,33.5,0,0.5,0,5.54,0.3,39.84
2,2017-01-01 06:59:18,2017-01-01 07:07:11,1,2.85,1,N,132,132,2,10,0,0.5,0,0,0.3,10.8
2,2017-01-01 07:18:18,2017-01-01 07:26:01,1,3.12,1,N,50,24,1,11,0,0.5,2.36,0,0.3,14.16
2,2017-01-01 07:08:28,2017-01-01 07:15:33,1,1.35,1,N,186,163,2,7,0,0.5,0,0,0.3,7.8
1,2017-01-01 07:21:03,2017-01-01 07:28:33,1,2.90,1,N,238,186,2,10,0,0.5,0,0,0.3,10.8
1,2017-01-01 07:16:37,2017-01-01 07:31:58,1,3.60,1,N,48,263,1,14,0,0.5,2.95,0,0.3,17.75
2,2017-01-01 07:11:10,2017-01-01 07:24:47,1,4.10,1,N,48,226,2,14.5,0,0.5,0,0,0.3,15.3
2,2017-01-01 07:04:58,2017-01-01 07:14:59,1,2.32,1,N,68,148,1,10,0,0.5,2.16,0,0.3,12.96
1,2017-01-01 07:08:51,2017-01-01 07:15:02,1,1.70,1,N,107,186,1,7.5,0,0.5,0,0,0.3,8.3
1,2017-01-01 07:23:01,2017-01-01 07:30:07,1,1.90,1,N,79,249,1,8,0,0.5,1,0,0.3,9.8
1,2017-01-01 07:18:03,2017-01-01 07:43:10,1,9.50,1,N,151,138,1,29.5,0,0.5,10.75,5.54,0.3,46.59
2,2017-01-01 07:15:54,2017-01-01 07:16:01,1,.00,1,N,263,263,3,-2.5,0,-0.5,0,0,-0.3,-3.3
2,2017-01-01 06:53:20,2017-01-01 07:01:09,2,1.27,1,N,232,211,2,7.5,0,0.5,0,0,0.3,8.3
1,2017-01-01 06:56:52,2017-01-01 07:00:51,1,.70,1,N,75,75,1,5,0,0.5,1.15,0,0.3,6.95
2,2017-01-01 07:30:50,2017-01-01 07:36:26,1,1.18,1,N,186,137,1,6,0,0.5,1.36,0,0.3,8.16
1,2017-01-01 07:10:33,2017-01-01 07:11:42,1,.20,1,N,100,100,2,3,0,0.5,0,0,0.3,3.8
1,2017-01-01 07:29:52,2017-01-01 07:40:01,1,2.50,1,N,114,232,2,11,0,0.5,0,0,0.3,11.8
1,2017-01-01 07:27:25,2017-01-01 07:36:59,1,3.60,1,N,163,7,1,12.5,0,0.5,3.3,0,0.3,16.6
2,2017-01-01 07:04:48,2017-01-01 07:32:32,2,11.38,1,N,226,212,2,35,0,0.5,0,5.54,0.3,41.34
2,2017-01-01 07:20:20,2017-01-01 07:25:58,3,1.51,1,N,107,148,2,7,0,0.5,0,0,0.3,7.8
2,2017-01-01 07:19:20,2017-01-01 07:35:59,2,4.09,1,N,230,45,2,15.5,0,0.5,0,0,0.3,16.3
1,2017-01-01 07:19:12,2017-01-01 07:49:25,3,19.90,2,N,132,263,1,52,0,0.5,6,5.54,0.3,64.34
1,2017-01-01 07:18:43,2017-01-01 07:25:29,1,1.40,1,N,138,223,2,7,0,0.5,0,0,0.3,7.8
2,2017-01-01 07:33:50,2017-01-01 07:42:52,1,1.93,1,N,90,148,1,9,0,0.5,1,0,0.3,10.8
2,2017-01-01 07:26:38,2017-01-01 07:55:27,1,16.89,2,N,161,132,2,52,0,0.5,0,0,0.3,52.8
2,2017-01-01 00:00:30,2017-01-01 00:08:34,1,1.25,1,N,234,162,2,7.5,0.5,0.5,0,0,0.3,8.8
2,2017-01-01 06:58:47,2017-01-01 07:05:32,1,1.55,1,N,137,79,2,7.5,0,0.5,0,0,0.3,8.3
1,2017-01-01 07:36:28,2017-01-01 07:43:11,1,2.00,1,N,137,163,1,8,0,0.5,1.2,0,0.3,10
1,2017-01-01 07:12:46,2017-01-01 07:27:00,1,4.70,1,N,137,226,2,16.5,0,0.5,0,0,0.3,17.3
1,2017-01-01 07:04:59,2017-01-01 07:13:12,1,4.70,1,N,42,140,1,14.5,0,0.5,2,0,0.3,17.3
2,2017-01-01 07:06:52,2017-01-01 07:35:50,1,8.28,1,N,114,129,2,28.5,0,0.5,0,0,0.3,29.3
2,2017-01-01 07:06:46,2017-01-01 07:15:15,5,3.24,1,N,48,75,1,11,0,0.5,2.36,0,0.3,14.16
1,2017-01-01 07:16:40,2017-01-01 07:48:59,3,11.10,5,N,48,265,1,60,0,0,0,10.5,0.3,70.8
2,2017-01-01 07:34:45,2017-01-01 08:14:22,1,.00,2,N,264,264,1,52,0,0.5,0,0,0.3,52.8
1,2017-01-01 07:05:56,2017-01-01 07:28:40,1,10.60,1,N,238,138,1,31,0,0.5,7.45,5.54,0.3,44.79
2,2017-01-01 06:54:12,2017-01-01 07:03:57,2,2.51,1,N,144,186,1,10.5,0,0.5,3,0,0.3,14.3
2,2017-01-01 06:53:25,2017-01-01 06:58:54,1,1.64,1,N,152,24,1,7.5,0,0.5,1.66,0,0.3,9.96
2,2017-01-01 07:05:10,2017-01-01 07:12:49,1,2.10,1,N,237,164,1,8.5,0,0.5,1.86,0,0.3,11.16
1,2017-01-01 07:10:11,2017-01-01 07:19:11,1,4.20,1,N,244,151,1,14,0,0.5,2,0,0.3,16.8
1,2017-01-01 07:15:47,2017-01-01 07:23:17,1,1.80,1,N,50,90,2,8.5,0,0.5,0,0,0.3,9.3
1,2017-01-01 07:05:16,2017-01-01 07:07:12,1,.90,1,N,151,43,2,4.5,0,0.5,0,0,0.3,5.3
1,2017-01-01 07:29:19,2017-01-01 07:30:42,1,.70,1,N,161,43,2,4,0,0.5,0,0,0.3,4.8
2,2017-01-01 07:07:07,2017-01-01 07:19:15,1,4.56,1,N,127,41,2,15.5,0,0.5,0,0,0.3,16.3
2,2017-01-01 00:00:15,2017-01-01 00:13:34,1,2.75,1,N,233,114,1,11.5,0.5,0.5,2,0,0.3,14.8
2,2017-01-01 07:28:57,2017-01-01 08:46:50,6,.01,2,N,48,132,1,52,0,0.5,13.2,0,0.3,66
1,2017-01-01 00:01:25,2017-01-01 00:15:09,1,2.80,1,N,246,114,2,12,0.5,0.5,0,0,0.3,13.3
2,2017-01-01 06:59:21,2017-01-01 07:14:39,1,5.19,1,N,260,263,2,16.5,0,0.5,0,0,0.3,17.3
2,2017-01-01 07:19:19,2017-01-01 07:28:02,5,2.51,1,N,239,161,2,10,0,0.5,0,0,0.3,10.8
1,2017-01-01 06:57:27,2017-01-01 07:04:38,1,1.40,1,N,71,89,1,7.5,0,0.5,0.42,0,0.3,8.72
2,2017-01-01 07:12:01,2017-01-01 07:25:43,1,6.64,1,N,148,263,1,20.5,0,0.5,2,0,0.3,23.3
1,2017-01-01 07:24:44,2017-01-01 07:34:27,2,3.10,1,N,166,143,1,11,0,0.5,1.18,0,0.3,12.98
1,2017-01-01 07:06:14,2017-01-01 07:09:18,1,1.10,1,N,48,68,2,5,0,0.5,0,0,0.3,5.8
1,2017-01-01 07:32:04,2017-01-01 07:38:25,2,1.50,1,N,162,186,2,7.5,0,0.5,0,0,0.3,8.3
2,2017-01-01 07:28:18,2017-01-01 07:50:38,1,6.63,1,N,235,81,2,22,0,0.5,0,0,0.3,22.8
1,2017-01-01 07:08:05,2017-01-01 07:17:03,1,1.30,1,N,161,50,1,8,0,0.5,1.32,0,0.3,10.12
1,2017-01-01 07:02:52,2017-01-01 07:28:04,2,7.30,1,N,68,74,2,25.5,0,0.5,0,0,0.3,26.3
1,2017-01-01 07:15:45,2017-01-01 07:35:25,1,3.60,1,N,162,226,1,17.5,0,0.5,3.65,0,0.3,21.95
2,2017-01-01 07:19:07,2017-01-01 07:25:39,1,1.25,1,N,107,186,2,7,0,0.5,0,0,0.3,7.8
1,2017-01-01 00:00:06,2017-01-01 00:11:56,2,2.40,1,N,142,236,2,10.5,0.5,0.5,0,0,0.3,11.8
2,2017-01-01 07:11:59,2017-01-01 07:17:05,1,1.14,1,N,230,143,2,6,0,0.5,0,0,0.3,6.8
2,2017-01-01 07:23:26,2017-01-01 07:35:43,1,5.05,1,N,263,226,2,16,0,0.5,0,0,0.3,16.8
2,2017-01-01 07:27:35,2017-01-01 07:34:49,1,1.58,1,N,74,166,2,7.5,0,0.5,0,0,0.3,8.3
2,2017-01-01 07:27:27,2017-01-01 07:31:10,2,.76,1,N,48,186,3,-5,0,-0.5,0,0,-0.3,-5.8
1,2017-01-01 07:21:33,2017-01-01 07:39:22,1,10.10,1,N,163,136,1,29.5,0,0.5,6.05,0,0.3,36.35
1,2017-01-01 07:07:24,2017-01-01 07:16:56,1,2.40,1,N,141,48,2,10,0,0.5,0,0,0.3,10.8
1,2017-01-01 07:10:13,2017-01-01 07:21:11,1,3.50,1,N,231,164,3,12.5,0,0.5,0,0,0.3,13.3
2,2017-01-01 07:35:56,2017-01-01 07:43:42,1,4.05,1,N,132,216,1,13,0,0.5,3,0,0.3,16.8
2,2017-01-01 07:06:28,2017-01-01 07:31:30,5,18.48,2,N,166,132,1,52,0,0.5,11.67,5.54,0.3,70.01
1,2017-01-01 07:17:26,2017-01-01 07:24:48,1,1.60,1,N,230,186,1,7.5,0,0.5,1,0,0.3,9.3
2,2017-01-01 07:37:00,2017-01-01 07:53:24,1,4.89,1,N,144,262,2,16.5,0,0.5,0,0,0.3,17.3
2,2017-01-01 07:15:33,2017-01-01 07:34:01,2,9.52,1,N,74,13,2,27.5,0,0.5,0,0,0.3,28.3
1,2017-01-01 06:55:42,2017-01-01 07:21:52,1,7.20,1,N,229,36,2,24.5,0,0.5,0,0,0.3,25.3
1,2017-01-01 06:58:10,2017-01-01 07:26:32,1,17.90,2,N,50,132,1,52,0,0.5,11.65,5.54,0.3,69.99
1,2017-01-01 07:31:02,2017-01-01 07:34:51,1,.90,1,N,179,223,2,5,0,0.5,0,0,0.3,5.8
1,2017-01-01 07:36:08,2017-01-01 07:44:01,3,1.60,1,N,79,170,1,8,0,0.5,2.8,0,0.3,11.6
1,2017-01-01 07:26:24,2017-01-01 07:34:54,2,1.80,1,N,162,48,2,8.5,0,0.5,0,0,0.3,9.3
1,2017-01-01 07:23:10,2017-01-01 07:41:54,1,4.60,1,N,230,232,1,18,0,0.5,2,0,0.3,20.8
2,2017-01-01 07:16:21,2017-01-01 07:24:05,2,2.98,1,N,239,161,1,10.5,0,0.5,5,0,0.3,16.3
2,2017-01-01 00:00:33,2017-01-01 00:09:52,1,1.97,1,N,74,168,2,9,0.5,0.5,0,0,0.3,10.3
2,2017-01-01 07:08:30,2017-01-01 07:29:12,1,10.33,1,N,50,265,2,29.5,0,0.5,0,10.5,0.3,40.8
1,2017-01-01 07:09:55,2017-01-01 07:18:10,1,2.40,1,N,238,237,1,9.5,0,0.5,2.05,0,0.3,12.35
1,2017-01-01 07:02:59,2017-01-01 07:07:04,1,.50,1,N,163,48,1,4.5,0,0.5,6,0,0.3,11.3
2,2017-01-01 07:25:06,2017-01-01 07:29:51,1,.86,1,N,262,237,2,5.5,0,0.5,0,0,0.3,6.3
2,2017-01-01 07:10:07,2017-01-01 07:23:23,6,5.60,1,N,236,7,1,17.5,0,0.5,4.58,0,0.3,22.88
2,2017-01-01 07:19:11,2017-01-01 07:30:16,5,4.97,1,N,263,79,1,16,0,0.5,3.36,0,0.3,20.16
1,2017-01-01 07:22:36,2017-01-01 07:26:48,1,.90,1,N,113,107,1,5.5,0,0.5,1.25,0,0.3,7.55
2,2017-01-01 07:13:46,2017-01-01 07:30:05,2,7.89,1,N,48,243,2,24,0,0.5,0,0,0.3,24.8
2,2017-01-01 07:22:36,2017-01-01 07:34:01,1,4.74,1,N,238,233,2,15.5,0,0.5,0,0,0.3,16.3
2,2017-01-01 06:53:50,2017-01-01 06:58:51,1,1.58,1,N,249,186,2,7,0,0.5,0,0,0.3,7.8
2,2017-01-01 07:26:13,2017-01-01 07:40:32,1,3.45,1,N,143,75,1,14,0,0.5,2.96,0,0.3,17.76
1,2017-01-01 06:56:37,2017-01-01 07:22:03,3,18.40,2,N,132,41,2,52,0,0.5,0,5.54,0.3,58.34
1,2017-01-01 07:21:42,2017-01-01 07:29:25,1,5.00,1,N,152,220,2,15,0,0.5,0,2.54,0.3,18.34
2,2017-01-01 07:05:39,2017-01-01 07:24:08,2,14.66,1,N,132,112,1,39.5,0,0.5,12.09,0,0.3,52.39
1,2017-01-01 07:36:49,2017-01-01 07:44:26,2,2.70,1,N,79,141,1,9.5,0,0.5,2,0,0.3,12.3
1,2017-01-01 07:13:06,2017-01-01 07:25:57,2,3.20,1,N,232,186,1,12.5,0,0.5,3.32,0,0.3,16.62
1,2017-01-01 07:07:43,2017-01-01 07:16:10,1,3.30,1,N,162,7,2,11.5,0,0.5,0,0,0.3,12.3
1,2017-01-01 07:12:58,2017-01-01 07:19:56,1,1.40,1,N,82,70,2,7,0,0.5,0,0,0.3,7.8
2,2017-01-01 07:09:43,2017-01-01 07:20:14,1,2.08,1,N,116,151,2,10,0,0.5,0,0,0.3,10.8
1,2017-01-01 07:14:36,2017-01-01 07:36:03,1,6.80,1,N,107,198,2,22.5,0,0.5,0,0,0.3,23.3
2,2017-01-01 07:06:28,2017-01-01 07:18:53,1,4.11,1,N,7,140,1,14.5,0,0.5,3.06,0,0.3,18.36
1,2017-01-01 07:21:29,2017-01-01 07:41:58,1,8.30,1,N,79,227,2,26.5,0,0.5,0,0,0.3,27.3
1,2017-01-01 07:34:12,2017-01-01 07:39:48,1,2.40,1,N,75,75,2,8,0,0.5,0,0,0.3,8.8
2,2017-01-01 07:13:21,2017-01-01 07:28:52,5,11.49,1,N,137,138,1,32,0,0.5,7.67,5.54,0.3,46.01
2,2017-01-01 07:16:49,2017-01-01 07:19:40,1,.63,1,N,48,161,1,4.5,0,0.5,1.06,0,0.3,6.36
1,2017-01-01 07:19:07,2017-01-01 07:27:32,1,2.40,1,N,161,262,2,9,0,0.5,0,0,0.3,9.8
2,2017-01-01 07:20:08,2017-01-01 07:25:51,2,1.22,1,N,211,79,2,6.5,0,0.5,0,0,0.3,7.3
1,2017-01-01 07:14:01,2017-01-01 07:19:57,1,1.80,1,N,230,164,1,7,0,0.5,1.17,0,0.3,8.97
1,2017-01-01 07:04:55,2017-01-01 07:21:55,3,4.40,1,N,148,50,1,16.5,0,0.5,3.45,0,0.3,20.75
2,2017-01-01 06:58:59,2017-01-01 07:23:51,1,16.66,1,N,13,138,1,45,0,0.5,0,5.54,0.3,51.34
1,2017-01-01 07:28:20,2017-01-01 07:56:45,2,16.60,1,N,233,180,1,46.5,0,0.5,9.45,0,0.3,56.75
1,2017-01-01 06:53:33,2017-01-01 07:05:40,1,3.60,1,N,162,249,2,13,0,0.5,0,0,0.3,13.8
1,2017-01-01 07:22:12,2017-01-01 07:48:03,2,17.50,3,N,170,1,2,64.5,0,0,0,10.5,0.3,75.3
2,2017-01-01 07:18:40,2017-01-01 07:42:16,1,14.03,3,N,13,1,1,56.5,0,0,14.56,16,0.3,87.36
2,2017-01-01 07:31:16,2017-01-01 07:51:27,1,9.31,1,N,79,89,2,27.5,0,0.5,0,0,0.3,28.3
2,2017-01-01 07:09:21,2017-01-01 07:14:20,1,1.29,1,N,140,162,2,6.5,0,0.5,0,0,0.3,7.3
2,2017-01-01 07:35:57,2017-01-01 08:13:16,2,21.72,2,N,238,132,2,52,0,0.5,0,0,0.3,52.8
1,2017-01-01 00:00:51,2017-01-01 00:11:22,1,4.80,1,N,162,45,1,15.5,0.5,0.5,3.35,0,0.3,20.15
2,2017-01-01 07:12:14,2017-01-01 07:29:40,1,6.78,1,N,79,238,2,22,0,0.5,0,0,0.3,22.8
1,2017-01-01 07:25:09,2017-01-01 07:34:15,1,2.40,1,N,236,142,1,10,0,0.5,2.15,0,0.3,12.95
1,2017-01-01 07:09:44,2017-01-01 07:13:27,1,1.00,1,N,80,80,2,5,0,0.5,0,0,0.3,5.8
1,2017-01-09 11:32:27,2017-01-09 11:36:01,1,.90,1,N,186,234,1,5,0,0.5,1.45,0,0.3,7.25
1,2017-01-01 07:33:23,2017-01-01 07:40:40,1,1.40,1,N,211,79,3,7.5,0,0.5,0,0,0.3,8.3
2,2017-01-01 06:57:33,2017-01-01 07:13:32,2,9.13,1,N,162,138,1,26,0,0.5,0,5.54,0.3,32.34
1,2017-01-01 06:55:28,2017-01-01 07:11:36,1,5.80,1,N,68,226,3,19,0,0.5,0,0,0.3,19.8
2,2017-01-01 07:24:46,2017-01-01 07:24:50,1,.00,1,N,234,234,2,2.5,0,0.5,0,0,0.3,3.3
2,2017-01-01 07:04:08,2017-01-01 07:10:02,1,1.03,1,N,137,164,1,6.5,0,0.5,0,0,0.3,7.3
2,2017-01-01 07:24:19,2017-01-01 07:32:42,1,4.97,1,N,138,252,2,15,0,0.5,0,0,0.3,15.8
1,2017-01-01 07:31:25,2017-01-01 07:40:50,1,1.90,1,N,264,264,2,9.5,0,0.5,0,0,0.3,10.3
2,2017-01-01 07:11:25,2017-01-01 07:18:57,1,1.75,1,N,37,49,1,8,0,0.5,3,0,0.3,11.8
2,2017-01-01 07:34:23,2017-01-01 07:41:49,2,1.33,1,N,249,79,2,7,0,0.5,0,0,0.3,7.8
1,2017-01-01 06:53:45,2017-01-01 06:56:43,1,1.00,1,N,236,262,1,5,0,0.5,1,0,0.3,6.8
2,2017-01-01 07:19:04,2017-01-01 07:26:54,1,1.88,1,N,142,100,1,8.5,0,0.5,2.32,0,0.3,11.62
2,2017-01-01 07:28:37,2017-01-01 07:37:27,3,2.40,1,N,186,237,2,10,0,0.5,0,0,0.3,10.8
1,2017-01-01 00:00:59,2017-01-01 00:14:40,1,1.20,1,N,246,186,1,9.5,0.5,0.5,3.2,0,0.3,14
2,2017-01-01 07:03:29,2017-01-01 07:05:00,6,.23,1,N,246,48,1,3.5,0,0.5,0.86,0,0.3,5.16
2,2017-01-01 06:55:52,2017-01-01 07:03:59,3,3.22,1,N,162,226,2,11,0,0.5,0,0,0.3,11.8
2,2017-01-01 07:14:27,2017-01-01 07:23:41,3,3.33,1,N,264,264,1,11,0,0.5,3.54,0,0.3,15.34
2,2017-01-01 06:55:11,2017-01-01 06:57:43,1,1.16,1,N,170,229,2,5,0,0.5,0,0,0.3,5.8
1,2017-01-01 06:57:38,2017-01-01 07:02:11,1,1.00,1,N,234,186,1,6,0,0.5,2,0,0.3,8.8
1,2017-01-01 07:11:30,2017-01-01 07:31:23,2,6.20,1,N,107,17,1,20.5,0,0.5,3,0,0.3,24.3
2,2017-01-01 07:09:50,2017-01-01 07:15:27,1,1.43,1,N,244,116,1,7,0,0.5,1.56,0,0.3,9.36
2,2017-01-01 07:04:34,2017-01-02 07:03:54,1,3.33,1,N,163,166,2,12.5,0,0.5,0,0,0.3,13.3
2,2017-01-01 07:22:33,2017-01-01 07:32:25,6,3.66,1,N,112,237,2,12.5,0,0.5,0,0,0.3,13.3
2,2017-01-01 07:05:33,2017-01-01 07:14:04,1,2.26,1,N,68,161,2,9,0,0.5,0,0,0.3,9.8
2,2017-01-01 06:55:23,2017-01-01 07:08:42,1,3.20,1,N,100,238,1,12.5,0,0.5,3.32,0,0.3,16.62
2,2017-01-01 07:38:01,2017-01-01 07:43:06,1,.91,1,N,237,163,1,6,0,0.5,0,0,0.3,6.8
2,2017-01-01 07:30:28,2017-01-01 07:36:02,1,1.97,1,N,116,24,1,7.5,0,0.5,0,0,0.3,8.3
1,2017-01-01 07:33:22,2017-01-01 07:46:58,1,5.00,1,N,249,112,1,16.5,0,0.5,5.15,0,0.3,22.45
1,2017-01-01 07:33:22,2017-01-01 07:40:17,1,2.90,1,N,50,151,1,9.5,0,0.5,1,0,0.3,11.3
2,2017-01-01 07:04:01,2017-01-01 07:05:15,2,.05,1,N,48,48,2,3,0,0.5,0,0,0.3,3.8
1,2017-01-01 07:15:09,2017-01-01 07:21:59,1,1.50,1,N,36,37,2,7.5,0,0.5,0,0,0.3,8.3
2,2017-01-01 07:36:08,2017-01-01 07:44:10,2,1.52,1,N,229,48,1,8,0,0.5,2.64,0,0.3,11.44
2,2017-01-01 07:06:37,2017-01-01 07:23:42,2,6.63,1,N,229,116,1,22,0,0.5,4.56,0,0.3,27.36
1,2017-01-01 07:28:31,2017-01-01 07:37:48,1,4.60,1,N,138,146,2,14.5,0,0.5,0,0,0.3,15.3
1,2017-01-01 07:29:58,2017-01-01 07:34:55,1,1.00,1,N,231,45,2,6,0,0.5,0,0,0.3,6.8
1,2017-01-01 07:09:42,2017-01-01 07:12:58,1,.60,1,N,79,148,1,4.5,0,0.5,0.7,0,0.3,6
2,2017-01-01 07:26:55,2017-01-01 07:48:15,1,5.20,1,N,243,159,2,19.5,0,0.5,0,0,0.3,20.3
2,2017-01-01 06:55:48,2017-01-01 07:08:29,1,2.79,1,N,141,48,2,11,0,0.5,0,0,0.3,11.8
1,2017-01-01 07:36:28,2017-01-01 07:47:49,3,5.30,1,N,114,75,2,15.5,0,0.5,0,0,0.3,16.3
1,2017-01-01 07:10:06,2017-01-01 07:29:36,1,4.40,1,N,243,24,1,18,0,0.5,3.75,0,0.3,22.55
2,2017-01-01 07:23:27,2017-01-01 07:44:23,3,10.77,1,N,239,138,1,30.5,0,0.5,7.37,5.54,0.3,44.21
2,2016-06-06 15:39:11,2016-06-06 15:49:03,N,1,-73.979942321777344,40.668598175048828,-73.964988708496094,40.652835845947266,1,2.13,9.5,0,0.5,1.5,0,,0.3,11.8,1,1
2,2016-06-22 11:00:02,2016-06-22 11:06:51,N,1,-73.9462890625,40.695686340332031,-73.943092346191406,40.680000305175781,1,1.14,6.5,0,0.5,0,0,,0.3,7.3,2,1
2,2016-06-06 12:57:25,2016-06-06 13:29:22,N,1,-73.956451416015625,40.735725402832031,-73.872390747070312,40.774387359619141,1,7.58,28,0,0.5,7.2,0,,0.3,36,1,1
2,2016-06-29 00:41:05,2016-06-29 00:43:42,N,1,-73.955238342285156,40.689476013183594,-73.958717346191406,40.694343566894531,1,.48,4,0.5,0.5,0,0,,0.3,5.3,2,1
2,2016-06-03 19:28:29,2016-06-03 19:39:40,N,1,-73.891326904296875,40.746620178222656,-73.875419616699219,40.758163452148438,1,1.61,9,1,0.5,0,0,,0.3,10.8,2,1
2,2016-06-06 18:15:34,2016-06-06 18:32:41,N,1,-73.992851257324219,40.693630218505859,-74.001014709472656,40.731578826904297,1,3.42,14.5,1,0.5,0,0,,0.3,16.3,2,1
2,2016-06-03 20:36:14,2016-06-03 21:05:07,N,1,-73.923957824707031,40.743991851806641,-73.945228576660156,40.680271148681641,1,6.57,24,0.5,0.5,0,0,,0.3,25.3,2,1
1,2016-06-19 17:38:27,2016-06-19 17:43:40,N,1,-73.950942993164063,40.723705291748047,-73.943069458007812,40.722137451171875,1,.70,5.5,0,0.5,0,0,,0.3,6.3,2,1
2,2016-06-18 14:18:24,2016-06-18 14:35:18,N,1,-73.993827819824219,40.695579528808594,-73.974922180175781,40.733009338378906,1,4.98,16.5,0,0.5,2,0,,0.3,19.3,1,1
2,2016-06-14 18:49:53,2016-06-14 18:55:22,N,1,-73.804710388183594,40.70208740234375,-73.807731628417969,40.701816558837891,1,.12,5,1,0.5,0,0,,0.3,6.8,2,1
2,2016-06-17 09:05:13,2016-06-17 09:10:32,N,1,-73.987266540527344,40.696392059326172,-74.003242492675781,40.71380615234375,1,1.65,7.5,0,0.5,1.66,0,,0.3,9.96,1,1
2,2016-06-15 22:12:51,2016-06-15 22:24:25,N,1,-73.994560241699219,40.680866241455078,-74.001739501953125,40.716758728027344,1,2.99,11.5,0.5,0.5,2.2,0,,0.3,15,1,1
2,2016-06-16 16:24:08,2016-06-16 16:59:01,N,1,-73.868003845214844,40.7322998046875,-73.794075012207031,40.705936431884766,1,5.46,24.5,1,0.5,0,0,,0.3,26.3,2,1
1,2016-06-05 15:14:44,2016-06-05 15:44:48,N,1,-73.949874877929688,40.785530090332031,-73.976020812988281,40.755851745605469,1,3.00,19,0,0.5,3.95,0,,0.3,23.75,1,1
2,2016-06-17 12:08:16,2016-06-17 12:15:02,N,1,-73.951248168945312,40.810005187988281,-73.938163757324219,40.828079223632813,1,1.58,7.5,0,0.5,0,0,,0.3,8.3,2,1
2,2016-06-06 12:52:42,2016-06-06 13:18:47,N,1,-73.952102661132813,40.790058135986328,-73.955482482910156,40.764675140380859,1,3.52,17,0,0.5,0,0,,0.3,17.8,2,1
1,2016-06-10 05:52:33,2016-06-10 06:18:11,N,1,-73.980171203613281,40.668605804443359,-73.887336730957031,40.677234649658203,1,5.30,22,0,0.5,0,0,,0.3,22.8,2,1
2,2016-06-10 20:05:41,2016-06-10 20:37:55,N,1,-73.948677062988281,40.789840698242188,-73.937911987304688,40.850906372070313,5,5.19,22.5,0.5,0.5,2,0,,0.3,25.8,1,1
1,2016-06-10 00:23:15,2016-06-10 00:26:26,N,1,-73.991813659667969,40.690887451171875,-73.996429443359375,40.681312561035156,1,.70,4.5,0.5,0.5,0,0,,0.3,5.8,2,1
1,2016-06-25 19:09:38,2016-06-25 19:13:08,N,1,-73.95916748046875,40.714408874511719,-73.953987121582031,40.718143463134766,1,.60,4.5,0,0.5,1.05,0,,0.3,6.35,1,1
2,2016-06-12 05:34:43,2016-06-12 05:40:08,N,1,-73.844169616699219,40.721328735351562,-73.859786987304688,40.710681915283203,1,1.92,8,0.5,0.5,0,0,,0.3,9.3,2,1
2,2016-06-26 16:10:35,2016-06-26 16:18:32,N,1,-73.924636840820313,40.650440216064453,-73.946250915527344,40.646278381347656,1,1.66,7.5,0,0.5,0,0,,0.3,8.3,1,1
2,2016-06-17 08:33:15,2016-06-17 08:41:49,N,1,-73.954795837402344,40.587558746337891,-73.947898864746094,40.606800079345703,1,3.00,11,0,0.5,0,0,,0.3,11.8,2,1
VTS,2014-05-31 09:33:00,2014-05-31 09:38:00,2,0.69999999999999996,-74.007987,40.712097,1,,-74.003765000000001,40.705962,CSH,4.5,0,0.5,0,0,5
CMT,2014-05-09 23:17:06,2014-05-09 23:28:26,1,2.6000000000000001,-73.966351000000003,40.804803,1,N,-73.981928999999994,40.76925,CRD,11.5,0.5,0.5,2.5,0,15
CMT,2014-05-19 15:06:51,2014-05-19 16:00:52,1,19.300000000000001,-73.787706999999997,40.646225000000001,1,N,-73.922898000000004,40.841217,CSH,58,0,0.5,0,5.3300000000000001,63.829999999999998
VTS,2014-05-14 20:26:00,2014-05-14 20:51:00,1,4.8099999999999996,-73.99897,40.723010000000002,1,,-73.944846999999996,40.678091999999999,CRD,20.5,0.5,0.5,4.2000000000000002,0,25.699999999999999
VTS,2014-05-09 14:08:00,2014-05-09 14:20:00,5,2.29,-73.936665000000005,40.754849999999998,1,,-73.905945000000003,40.746547,CSH,10,0,0.5,0,0,10.5
CMT,2014-05-10 21:01:26,2014-05-10 21:20:13,1,3.6000000000000001,-73.976192999999995,40.765360999999999,1,N,-74.002004999999997,40.725729999999999,CRD,15,0.5,0.5,1.2,0,17.199999999999999
VTS,2014-05-08 18:58:00,2014-05-08 19:02:00,1,0.40999999999999998,-73.957702999999995,40.782240000000002,1,,-73.960093000000001,40.778775000000003,CRD,4.5,1,0.5,1.5,0,7.5
2,2016-06-29 13:18:54,2016-06-29 13:21:00,N,1,-73.98162841796875,40.689167022705078,-73.976310729980469,40.687053680419922,1,.29,3.5,0,0.5,0,0,,0.3,4.3,2,1
2,2016-06-11 23:36:05,2016-06-11 23:41:35,N,1,-73.938064575195313,40.812240600585938,-73.942268371582031,40.790962219238281,1,1.63,7,0.5,0.5,0,0,,0.3,8.3,2,1
2,2016-06-19 20:53:32,2016-06-19 21:05:15,N,1,-73.935798645019531,40.825904846191406,-73.911079406738281,40.862297058105469,5,3.25,13,0.5,0.5,0,0,,0.3,14.3,2,1
2,2016-06-27 07:35:54,2016-06-27 08:13:48,N,1,-73.958854675292969,40.699226379394531,-73.777740478515625,40.646846771240234,1,16.53,48,0,0.5,0,0,,0.3,48.8,2,1
1,2016-06-11 17:45:32,2016-06-11 17:49:50,N,1,-73.994453430175781,40.690025329589844,-73.985755920410156,40.685661315917969,1,.60,5,0,0.5,0,0,,0.3,5.8,2,1
2,2016-06-01 21:34:26,2016-06-01 22:02:56,N,1,-73.897216796875,40.746299743652344,-73.98101806640625,40.782596588134766,5,6.21,23.5,0.5,0.5,4.96,0,,0.3,29.76,1,1
2,2016-06-29 10:15:28,2016-06-29 10:57:39,N,1,-73.916648864746094,40.686691284179688,-74.015655517578125,40.704914093017578,1,8.22,32.5,0,0.5,8.32,0,,0.3,43.57,1,1
1,2016-06-30 12:54:33,2016-06-30 13:04:52,N,1,0,0,-73.976715087890625,40.782398223876953,1,2.00,10,0,0.5,0,0,,0.3,10.8,2,1
1,2016-06-28 02:06:14,2016-06-28 02:23:26,N,1,-73.953758239746094,40.822227478027344,-73.993515014648437,40.748851776123047,1,6.70,20.5,0.5,0.5,0,0,,0.3,21.8,2,1
2,2016-06-16 10:29:05,2016-06-16 10:34:22,N,1,-73.921730041503906,40.766746520996094,-73.91571044921875,40.757614135742187,1,.87,5.5,0,0.5,0,0,,0.3,6.3,2,1
2,2016-06-12 20:35:14,2016-06-12 20:43:09,N,1,-73.991928100585938,40.684501647949219,-73.979934692382813,40.67376708984375,1,1.39,7,0.5,0.5,1.66,0,,0.3,9.96,1,1
2,2016-06-16 05:37:58,2016-06-16 05:58:24,N,1,-73.92449951171875,40.742847442626953,-73.946540832519531,40.669429779052734,1,6.70,22,0.5,0.5,0,0,,0.3,23.3,2,1
2,2016-06-17 09:23:05,2016-06-17 09:40:04,N,1,-73.962074279785156,40.805488586425781,-73.9688720703125,40.769828796386719,1,3.07,13.5,0,0.5,0,0,,0.3,14.3,1,1
2,2016-06-18 03:41:04,2016-06-18 03:48:50,N,1,-73.952095031738281,40.714115142822266,-73.988693237304688,40.722454071044922,1,2.56,10,0.5,0.5,1.5,0,,0.3,12.8,1,1
2,2016-06-30 21:24:14,2016-06-30 21:31:13,N,1,-73.955177307128906,40.804595947265625,-73.943710327148438,40.820377349853516,1,1.24,7,0.5,0.5,0,0,,0.3,8.3,2,1
2,2016-06-02 23:28:36,2016-06-02 23:35:39,N,1,-73.943321228027344,40.746875762939453,-73.950775146484375,40.723617553710937,1,2.01,8,0.5,0.5,2.32,0,,0.3,11.62,1,1
1,2016-06-19 00:12:35,2016-06-19 00:23:47,N,1,-73.960037231445312,40.677703857421875,-73.961311340332031,40.651535034179688,1,2.10,10,0.5,0.5,1.7,0,,0.3,13,1,1
2,2016-06-10 18:16:04,2016-06-10 18:30:42,N,1,-73.986717224121094,40.70233154296875,-74.017250061035156,40.704776763916016,1,3.03,12.5,1,0.5,1,0,,0.3,15.3,1,1
2,2016-06-16 15:59:48,2016-06-16 16:26:00,N,1,-73.955406188964844,40.6793212890625,-74.002120971679688,40.6864013671875,1,2.84,17.5,1,0.5,3.86,0,,0.3,23.16,1,1
2,2016-06-26 23:43:37,2016-06-27 00:07:35,N,1,-73.95489501953125,40.718421936035156,-73.956863403320313,40.6741943359375,3,5.32,20.5,0.5,0.5,4.36,0,,0.3,26.16,1,1
1,2016-06-03 23:44:45,2016-06-04 00:07:17,N,1,-73.981208801269531,40.679828643798828,-73.909049987792969,40.688896179199219,1,4.60,18,0.5,0.5,0,0,,0.3,19.3,2,1
2,2016-06-13 08:33:55,2016-06-13 08:45:12,N,1,-73.921623229980469,40.766738891601563,-73.944869995117187,40.748027801513672,1,2.18,9.5,0,0.5,1.7,0,,0.3,12,1,1

